College Name,State,Public/Private,num_appli_rec,num_appl_accepted,num_new_stud_enrolled,in-state tuition,out-of-state tuition,% fac. w/PHD,stud./fac. ratio,Graduation rate
Alaska Pacific University,AK,Private,193,146,55,7560,7560,76,11.9,15
University of Alaska at Fairbanks,AK,Public,1852,1427,928,1742,5226,67,10.0,60
University of Alaska Southeast,AK,Public,146,117,89,1742,5226,39,9.5,39
University of Alaska at Anchorage,AK,Public,2065,1598,1162,1742,5226,48,13.7,60
Alabama Agri. & Mech. Univ.,AL,Public,2817,1920,984,1700,3400,53,14.3,40
Faulkner University,AL,Private,345,320,179,5600,5600,52,32.8,55
University of Montevallo,AL,Public,1351,892,570,2220,4440,72,18.9,51
Alabama State University,AL,Public,4639,3272,1278,1500,3000,48,18.7,15
Auburn University-Main Campus,AL,Public,7548,6791,3070,2100,6300,85,16.7,69
Birmingham-Southern College,AL,Private,805,588,287,11660,11660,74,14.0,72
University of North Alabama,AL,Public,1087,702,625,1704,2970,62,19.4,76
Huntingdon College,AL,Private,608,520,127,8080,8080,63,11.4,44
Jacksonville State University,AL,Public,1627,1413,887,1740,2610,66,20.1,33
Judson College,AL,Private,313,228,137,5780,5780,70,17.9,43
Livingston University,AL,Public,1206,957,444,1740,1740,58,18.8,36
Miles College,AL,Private,686,427,242,4000,4000,35,16.7,15
University of Mobile,AL,Private,452,331,269,6150,6150,59,16.6,52
Oakwood College,AL,Private,949,605,385,6639,6639,52,14.5,60
Samford University,AL,Private,1680,1395,691,8236,8236,74,14.7,61
Spring Hill College,AL,Private,773,694,230,11478,11478,80,14.4,70
Stillman College,AL,Private,629,614,248,4460,4460,47,14.3,47
Talladega College,AL,Private,4414,1500,335,5666,5666,56,15.5,46
Troy State University at Troy,AL,Public,1471,1281,824,1697,2883,50,23.0,48
Tuskegee University,AL,Private,2267,1827,611,6735,6735,70,12.2,65
University of Alabama at Tuscaloosa,AL,Public,7593,5972,2682,2172,5424,80,17.3,50
University of Alabama at Birmingham,AL,Public,1797,1260,938,2220,4440,96,6.7,33
University of Alabama at Huntsville,AL,Public,1376,957,445,2480,4960,83,12.7,38
University of South Alabama,AL,Public,2328,2110,1047,2208,3108,80,13.3,43
Auburn University at Montgomery,AL,Public,985,868,645,1905,5715,74,18.1,42
University of Arkansas at Monticello,AR,Public,826,794,662,1536,3552,54,42.6,60
University of Arkansas at Pine Bluff,AR,Public,1450,1360,744,1392,3216,47,16.2,60
Arkansas College (Lyon College),AR,Private,708,334,166,8644,8644,79,12.6,54
Arkansas Tech University,AR,Public,1734,1729,951,1730,3460,57,19.6,48
Arkansas State University,AR,Public,2688,2633,1488,1800,3720,71,20.0,39
University of Central Arkansas,AR,Public,3131,2703,1792,1700,3274,71,20.5,36
University of the Ozarks,AR,Private,218,215,126,4800,4800,49,12.8,60
Henderson State University,AR,Public,1490,1490,771,1440,2880,58,19.0,68
Hendrix College,AR,Private,823,721,274,8800,8800,82,13.1,63
John Brown University,AR,Private,605,405,284,6398,6398,68,13.3,75
University of Arkansas at Little Rock,AR,Public,1766,1322,1194,2136,5352,61,14.7,19
Ouachita Baptist University,AR,Private,910,773,450,6530,6530,63,13.3,65
Philander Smith College,AR,Private,350,350,222,2370,2370,41,18.1,60
Williams Baptist College,AR,Private,220,210,131,3952,3952,62,18.0,60
Southern Arkansas University,AR,Public,792,792,499,1500,2340,40,17.0,33
University of Arkansas at Fayetteville,AR,Public,3235,3108,2133,1932,5028,73,14.8,39
Harding University,AR,Private,1721,1068,806,5504,5504,71,17.7,73
Grand Canyon University,AZ,Private,497,393,169,6870,6870,56,14.2,81
Arizona State University Main campus,AZ,Public,12809,10308,3761,1828,7434,88,18.9,48
Northern Arizona University,AZ,Public,5891,4931,1973,1828,6746,78,21.7,41
University of Arizona,AZ,Public,14079,12238,4529,1828,7434,91,19.6,49
Prescott College,AZ,Private,321,227,129,9800,9800,55,2.3,60
Azusa Pacific University,CA,Private,1080,948,504,15500,15500,47,12.8,60
Biola University,CA,Private,1118,896,459,11388,11388,67,16.6,36
California Baptist College,CA,Private,308,262,157,6370,6370,56,13.0,43
California Institute of Technology,CA,Private,1916,507,210,16695,16695,100,6.5,83
California Lutheran University,CA,Private,563,247,247,12950,12950,72,12.4,60
California State Univ. at Fullerton,CA,Public,6004,4480,1470,1606,8990,88,19.9,56
California State Univ. at Hayward,CA,Public,2121,698,1126,1432,8803,71,20.5,47
California State Univ. at Long Beach,CA,Public,10278,7746,2576,1053,8233,80,20.3,48
California State Univ. at Los Angeles,CA,Public,5609,2756,1268,1788,7454,53,20.4,49
California State Univ. at Dominguez Hills,CA,Public,1493,1194,428,1440,8820,90,18.1,24
California State Univ. at San Bernardino,CA,Public,2329,1619,1521,8050,8670,93,20.3,49
California Polytechnic-San Luis,CA,Public,7811,3817,1650,2033,7380,72,19.8,59
California Poly-Pomona,CA,Public,5945,3887,1566,8050,5904,73,18.5,50
California State University at Chico,CA,Public,4816,3922,1278,8050,5904,71,18.9,63
California State University at Fresno,CA,Public,4540,3294,1483,1802,7706,90,21.2,61
Humboldt State University,CA,Public,3467,2190,565,1599,9979,80,16.4,65
California State University at Sacramento,CA,Public,4348,3026,1234,1716,9096,79,19.2,47
San Diego State University,CA,Public,9402,7020,2151,1742,8384,87,19.5,41
California State University at Northridge,CA,Public,7672,5331,2157,1440,5904,71,20.3,43
San Francisco State University,CA,Public,5385,3539,1259,1584,8964,75,17.4,55
San Jose State University,CA,Public,5210,4094,1420,1976,8820,72,17.4,46
Sonoma State University,CA,Public,2726,982,557,8050,7830,79,16.1,40
California State University at Stanislaus,CA,Public,1042,830,461,1584,8868,89,15.3,60
United States International University,CA,Private,322,168,51,11760,11760,90,15.7,23
Chapman University,CA,Private,959,771,351,16624,16624,72,12.8,47
Claremont McKenna College,CA,Private,1860,767,227,17000,17000,99,9.6,87
Harvey Mudd College,CA,Private,1377,572,178,17230,17230,100,8.2,100
Pitzer College,CA,Private,1133,630,220,17688,17688,100,10.4,73
Pomona College,CA,Private,3037,1130,390,17720,17720,94,8.9,91
Scripps College,CA,Private,855,632,139,17238,17238,95,8.2,73
College of Notre Dame,CA,Private,344,264,97,12600,12600,77,10.4,43
Holy Names College,CA,Private,258,157,43,11480,11480,75,7.8,44
Dominican College of San Rafael,CA,Private,213,173,75,12790,12790,56,11.6,50
La Sierra University,CA,Private,659,530,325,12180,12180,69,12.6,49
University of La Verne,CA,Private,1597,969,226,13540,13540,66,14.1,47
Menlo College,CA,Private,315,275,115,13975,13975,46,15.4,60
Mills College,CA,Private,529,414,132,14100,14100,71,10.3,64
Mount St. Mary's College,CA,Private,657,537,113,12474,12474,53,11.9,72
Occidental College,CA,Private,2324,1319,370,16560,16560,91,10.5,79
Pacific Christian College,CA,Private,167,142,89,6500,6500,38,10.7,67
Fresno Pacific College,CA,Private,346,274,146,9900,9900,59,10.5,54
Pacific Union College,CA,Private,940,668,385,11925,11925,48,12.3,69
Point Loma Nazarene College,CA,Private,809,687,428,10176,10178,71,16.1,54
Pepperdine University,CA,Private,3821,2037,680,18200,18200,95,11.6,66
Southern California College,CA,Private,385,340,193,9520,9520,63,18.6,43
St. Mary's College of California,CA,Private,2643,1611,465,13332,13332,88,16.1,78
Stanford University,CA,Private,13608,2926,1616,18669,18669,71,9.7,96
University of California at Berkeley,CA,Public,19873,8252,3215,3949,11648,93,15.8,78
University of California at Davis,CA,Public,16343,11399,3124,8050,7699,71,14.5,76
University of California at Irvine,CA,Public,15698,10775,2478,4325,12024,96,16.1,66
University of California at Los Angeles,CA,Public,22165,10435,3591,8050,7689,97,11.8,77
University of California at Riverside,CA,Public,9798,7566,1470,8050,7699,98,13.4,62
University of California at San Diego,CA,Public,19433,11469,2481,8050,7699,100,13.9,66
University of California at Santa Barbara,CA,Public,16663,14141,3239,8050,11218,96,18.9,69
University of California at Santa Cruz,CA,Public,10758,8559,1717,8050,7699,94,21.3,59
University of Redlands,CA,Private,1498,1219,306,16530,16530,81,8.9,73
University of San Francisco,CA,Private,2306,1721,538,13226,13226,86,13.6,62
Santa Clara University,CA,Private,4019,2779,888,13584,13584,88,13.9,100
University of Southern California,CA,Private,12229,8498,2477,17230,17230,90,11.4,68
University of the Pacific,CA,Private,2459,1997,582,16320,16320,87,11.2,65
Westmont College,CA,Public,950,713,351,14320,14320,77,14.9,87
Whittier College,CA,Private,1681,1069,344,16249,16249,84,13.6,52
Woodbury University,CA,Private,349,313,111,13020,13020,28,13.5,54
University of Judaism,CA,Private,52,36,18,10560,10560,100,7.2,55
San Francisco Art Institute,CA,Private,177,136,41,14500,14500,71,14.4,30
California State Univ. at Bakersfield,CA,Public,941,643,415,1204,8725,82,13.4,24
University of San Diego,CA,Private,3934,2735,886,13600,13600,93,15.6,66
Thomas Aquinas College,CA,Private,125,87,67,13400,13400,68,10.9,71
Loyola Marymount University,CA,Private,3768,2662,753,13592,13592,84,14.2,84
Concordia University,CA,Private,688,497,144,10800,10800,55,13.1,55
Adams State College,CO,Public,1508,1259,569,1386,1672,63,27.9,60
Colorado College,CO,Private,3207,1577,490,17142,17142,85,11.3,84
University of Northern Colorado,CO,Public,5530,4007,1697,1829,7731,75,21.5,40
Colorado State University,CO,Public,9478,6312,2194,2124,8412,87,19.2,59
Fort Lewis College,CO,Public,3440,2823,1123,1450,6198,89,19.1,46
Mesa State College,CO,Public,1584,1456,891,1434,5016,48,28.8,59
Metropolitan State College,CO,Public,3512,2975,1662,1494,5790,75,21.1,25
Regis University,CO,Private,1107,904,308,12700,12700,90,14.8,53
University of Southern Colorado,CO,Public,1401,1239,605,1644,7100,63,19.4,36
United States Air Force Academy,CO,Public,9557,1605,1160,8050,8670,40,8.2,88
University of Colorado at Boulder,CO,Public,14063,9320,3436,2230,12563,90,19.9,66
University of Denver,CO,Private,2974,2001,580,15192,15192,84,15.9,67
Western State College of Colorado,CO,Public,2702,1623,604,1819,5918,76,19.4,52
University of Colorado at Colorado Springs,CO,Public,826,620,318,2475,8090,93,15.0,60
University of Colorado at Denver,CO,Public,1199,562,261,1828,9244,89,18.1,24
Colorado Christian University,CO,Private,735,583,310,6720,6720,56,8.6,60
Albertus Magnus College,CT,Private,353,340,103,13290,13290,90,11.5,63
Central Connecticut State University,CT,Public,4158,2532,902,1842,5962,69,16.7,49
Connecticut College,CT,Private,3035,1546,438,18740,18740,86,10.7,91
Western Connecticut State University,CT,Public,2486,1503,528,1842,5962,69,15.5,60
Fairfield University,CT,Private,4784,3346,781,15000,15000,86,15.1,94
University of New Haven,CT,Private,1651,1412,336,10600,10600,79,15.6,79
Teikyo Post University,CT,Private,345,297,92,11300,11300,30,12.2,60
Quinnipiac College,CT,Private,3712,2153,806,12030,12030,63,12.0,86
Sacred Heart University,CT,Private,2307,1896,509,11070,11070,71,14.8,82
Southern Connecticut State University,CT,Public,3852,2652,1044,1842,5962,62,15.8,45
Saint Joseph College,CT,Private,292,241,96,12200,12200,87,11.2,76
Trinity College,CT,Private,3058,1798,478,18810,18810,91,10.4,91
United States Coast Guard Academy,CT,Public,5099,466,277,8050,8670,31,8.3,71
University of Bridgeport,CT,Private,598,441,153,12500,12500,76,7.9,51
University of Hartford,CT,Private,5081,4040,1194,14220,14220,61,10.7,66
Wesleyan University,CT,Private,4772,1973,712,19130,19130,90,12.1,92
Eastern Connecticut State University,CT,Public,2172,1493,564,1842,5962,71,16.9,50
Yale University,CT,Private,10705,2453,1317,19840,19840,96,5.8,99
University of Connecticut at Storrs,CT,Public,9735,7187,2064,3824,11656,89,16.0,71
American University,DC,Private,4613,3587,1048,15934,15934,71,13.6,69
Catholic University of America,DC,Private,1754,1465,505,13712,13712,90,9.3,75
Gallaudet University,DC,Private,825,645,392,4700,4700,58,6.6,60
George Washington University,DC,Private,7875,5062,1492,17450,17450,92,7.6,72
Georgetown University,DC,Private,11115,2881,1390,18300,18300,91,7.2,95
Howard University,DC,Private,9776,3164,1666,7128,7128,78,7.5,46
Mount Vernon College,DC,Private,149,70,61,13780,13780,84,5.7,60
Trinity College,DC,Private,247,189,100,11412,11412,89,8.3,96
Univ. of the District of Columbia,DC,Public,3895,3866,1717,974,3566,51,11.7,60
Delaware State College,DE,Public,2611,1845,764,4878,4878,60,13.7,26
Goldey Beacom College,DE,Private,633,468,284,6120,6120,25,27.6,36
University of Delaware,DE,Private,14446,10516,3252,3690,10220,82,18.3,75
Wesley College,DE,Private,980,807,350,9890,9890,52,14.4,84
Wilmington College,DE,Private,1275,1275,635,5340,5340,46,12.5,56
Barry University,FL,Private,990,784,279,11290,11290,76,12.6,72
Bethune Cookman College,FL,Private,1646,1150,542,5188,5188,48,13.8,58
St. Thomas University,FL,Private,492,370,236,9600,9600,71,23.2,33
Florida Institute of Technology,FL,Private,1947,1580,523,13900,13900,90,10.6,57
Clearwater Christian College,FL,Private,161,156,101,5200,5200,55,15.1,60
Embry Riddle Aeronautical University,FL,Private,3151,2584,958,7800,7800,37,16.5,44
Florida A&M University,FL,Public,4880,2899,1463,1749,6651,87,11.8,60
Florida Atlantic University,FL,Public,3181,2089,826,1800,6700,90,15.6,48
Florida Memorial College,FL,Private,2400,1800,557,4160,4160,38,17.1,35
Eckerd College,FL,Private,1422,1109,366,15360,15360,82,12.8,59
Florida Southern College,FL,Private,1381,1040,374,8025,8025,65,17.4,68
Florida State University,FL,Public,11651,8683,3023,1780,6680,80,23.1,58
Jacksonville University,FL,Private,1344,1008,305,9600,9600,61,12.1,60
Lynn University,FL,Private,1292,956,315,13900,13900,69,19.0,65
Nova Southeastern University,FL,Private,1025,770,257,8550,8550,90,20.4,23
Rollins College,FL,Private,1777,1151,382,16425,16425,81,13.3,90
St. Leo College,FL,Private,990,683,201,9150,9150,47,72.4,60
Stetson University,FL,Private,1557,1227,489,12315,12315,85,12.5,73
University of Florida,FL,Public,12445,8836,3623,1820,7090,88,13.4,66
University of Miami,FL,Private,7122,5386,1643,16500,16500,82,5.9,59
University of South Florida,FL,Public,7589,4676,1876,1856,6760,84,17.0,47
University of Tampa,FL,Private,1675,1190,325,11690,11690,71,13.9,60
Webber College,FL,Private,280,143,79,5590,5590,53,15.1,90
University of Central Florida,FL,Public,6986,2959,1918,1716,6618,80,22.2,46
University of West Florida,FL,Public,1558,1254,472,1597,6172,83,23.4,53
Flagler College,FL,Private,1415,714,338,5120,5120,52,18.1,69
Warner Southern College,FL,Private,400,280,134,6200,6200,53,14.4,42
Palm Beach Atlantic College,FL,Private,729,625,349,7900,7900,71,19.0,38
Florida International University,FL,Public,3306,2079,1071,1695,6597,81,13.9,66
University of North Florida,FL,Public,1800,1253,560,1732,6634,82,17.8,47
Agnes Scott College,GA,Private,417,349,137,12960,12960,92,7.7,59
Albany State College,GA,Public,1461,1097,580,1772,4535,65,17.0,62
Armstrong State College,GA,Public,2186,1835,1263,2028,5604,45,10.5,88
Clark Atlanta University,GA,Private,4502,2497,790,7908,7908,63,14.9,53
Augusta College,GA,Public,1452,1158,870,1422,4266,65,18.9,38
Berry College,GA,Private,1858,1221,480,8050,8050,80,16.3,63
Brenau University,GA,Private,367,274,158,9592,9592,71,13.7,49
Brewton-Parker College,GA,Private,1436,1228,1202,4371,4371,62,12.6,18
Columbus College,GA,Public,1348,1050,774,1381,2763,61,16.5,32
Emory University,GA,Private,8506,4168,1236,17600,17600,97,5.0,96
Fort Valley State College,GA,Public,2092,1474,649,1341,2682,59,13.9,39
Georgia Institute of Technology,GA,Public,7837,4527,2276,1899,6489,92,19.3,70
Southern College of Technology,GA,Public,652,503,297,1341,4023,52,17.3,36
Georgia Southern University,GA,Public,8388,5423,3034,1808,4571,60,19.7,46
Georgia Southwestern College,GA,Public,860,716,330,1578,4158,50,18.1,26
Georgia State University,GA,Public,3793,2341,1238,2154,6744,87,19.0,34
Kennesaw State College,GA,Public,2402,1824,1161,1422,2844,62,19.8,21
LaGrange College,GA,Private,544,399,177,6987,6987,77,12.5,75
Mercer University,GA,Private,2286,1668,564,11985,11985,93,9.2,91
Morehouse College,GA,Private,3708,1678,722,7050,7050,71,17.8,83
Morris Brown College,GA,Private,6407,1500,595,6770,6770,49,15.7,21
North Georgia College,GA,Public,1612,1077,775,1382,4145,60,17.5,53
Oglethorpe University,GA,Private,792,649,186,12900,12900,91,13.1,67
Paine College,GA,Private,1322,636,225,5460,5460,48,10.9,27
Piedmont College,GA,Private,663,562,127,5640,5640,89,13.2,31
Savannah State College,GA,Public,1702,1448,726,1800,3200,60,19.0,48
Shorter College,GA,Private,540,445,165,7210,7210,62,13.2,58
Spelman College,GA,Private,3713,1237,443,7000,7000,73,12.5,65
Toccoa Falls College,GA,Private,1470,1095,182,6072,6072,48,16.8,54
University of Georgia,GA,Public,11220,7871,3320,1899,5697,88,14.7,63
Valdosta State University,GA,Public,3674,3247,1586,1770,4617,67,20.0,45
Wesleyan College,GA,Private,305,287,109,11500,11500,68,7.6,52
West Georgia College,GA,Public,3668,2604,1331,1806,4650,59,19.2,40
Georgia College,GA,Public,1868,1788,829,1694,4457,70,21.4,52
Covenant College,GA,Private,407,317,181,9700,9700,73,19.0,56
Savannah Coll. of Art and Design,GA,Private,1109,688,386,8325,8325,14,16.1,55
Chaminade University of Honolulu,HI,Private,621,546,103,10600,10600,63,14.1,60
Brigham Young University - Hawaii,HI,Private,1038,533,428,1780,1780,64,16.8,60
University of Hawaii at Manoa,HI,Public,3580,2603,1627,1460,4460,85,11.8,54
Hawaii Pacific University,HI,Private,1827,1409,1169,6300,6300,59,23.3,60
University of Hawaii at Hilo,HI,Public,1499,779,500,480,2920,72,15.8,31
Briar Cliff College,IA,Private,392,351,155,10260,10260,39,13.1,58
Buena Vista College,IA,Private,860,688,285,13306,13306,62,8.8,78
Central College,IA,Private,1283,1113,401,10938,10938,76,13.5,67
Clarke College,IA,Private,460,340,167,10740,10740,67,11.0,74
Coe College,IA,Private,1006,742,275,13925,13925,73,12.7,67
Cornell College,IA,Private,1538,1329,383,15248,15248,71,12.2,64
Dordt College,IA,Private,604,562,328,9800,9800,61,12.5,87
Drake University,IA,Private,2799,2573,839,13420,13420,88,15.0,77
Graceland College,IA,Private,555,414,242,9100,9100,51,23.6,47
Grand View College,IA,Private,535,511,233,9820,9820,32,12.6,32
Grinnell College,IA,Private,2039,1389,432,15688,15688,88,9.5,83
Iowa State University,IA,Public,8427,7424,3441,2291,7550,81,19.2,65
Iowa Wesleyan College,IA,Private,443,291,127,9850,9850,45,17.2,60
Loras College,IA,Private,1641,1283,527,11200,11200,61,14.2,70
Luther College,IA,Private,1549,1392,587,13240,13240,73,13.8,77
Teikyo Marycrest University,IA,Private,328,243,93,9980,9980,44,12.3,69
Morningside College,IA,Private,586,533,239,10520,10520,48,13.0,56
Mount Mercy College,IA,Private,368,317,159,10500,10500,44,11.3,64
Mount Saint Clare College,IA,Private,325,284,95,9900,9900,32,13.6,21
Northwestern College,IA,Private,860,811,366,9900,9900,68,14.9,68
Simpson College,IA,Private,1016,872,300,11250,11250,66,15.8,70
Saint Ambrose University,IA,Private,897,718,276,10450,10450,56,14.1,70
University of Northern Iowa,IA,Public,4144,3379,1853,2291,6197,78,16.3,77
University of Dubuque,IA,Private,576,558,137,10430,10430,85,16.5,45
University of Iowa,IA,Public,9224,8025,3262,2291,8149,71,13.1,62
Upper Iowa University,IA,Private,663,452,192,8840,8840,69,17.4,78
Wartburg College,IA,Private,1231,1074,345,11600,11600,66,12.4,67
Teikyo Westmar University,IA,Private,451,306,123,9980,9980,46,12.0,51
William Penn College,IA,Private,326,294,140,10000,10000,35,13.3,40
Boise State University,ID,Public,3619,3080,1888,8050,2093,59,17.0,25
Albertson College,ID,Private,587,479,158,13500,13500,67,9.4,55
Idaho State University,ID,Public,1989,1627,1137,8050,4500,67,16.5,33
Lewis-Clark State College,ID,Public,1001,551,428,1412,5120,60,12.1,44
Northwest Nazarene College,ID,Private,616,514,385,9840,9840,59,14.8,58
University of Idaho,ID,Public,3133,2799,1337,1548,5962,82,13.5,45
Augustana College,IL,Private,1879,1658,497,13353,13353,78,12.7,71
Aurora University,IL,Private,532,481,127,10250,10250,71,9.1,56
Barat College,IL,Private,261,192,111,9690,9690,57,9.7,71
Blackburn College,IL,Private,500,336,156,6500,6500,76,14.3,51
Bradley University,IL,Private,3767,3414,1061,10870,10870,75,14.4,85
College of Saint Francis,IL,Private,422,305,160,9810,9810,52,17.5,80
Columbia College,IL,Private,2419,2160,1117,7310,7310,18,13.4,41
Concordia University,IL,Private,528,403,186,9216,9216,56,12.1,75
DePaul University,IL,Private,4815,3551,1227,11214,11214,69,16.1,63
Eastern Illinois University,IL,Public,5597,4253,1565,1902,5710,62,16.2,76
Eureka College,IL,Private,560,454,113,10955,10955,62,10.6,53
Greenville College,IL,Private,510,387,194,10310,10310,57,14.3,60
Illinois College,IL,Private,894,787,262,8050,8050,75,15.6,52
Illinois Institute of Technology,IL,Private,1756,1360,478,14550,14550,80,12.3,56
Illinois State University,IL,Public,8681,6695,2408,2600,7799,77,21.0,54
Northeastern Illinois University,IL,Public,2086,1507,631,1902,5706,78,15.1,21
Chicago State University,IL,Public,3553,1719,777,1848,5544,47,15.6,18
Illinois Wesleyan University,IL,Private,3050,1342,471,14360,14360,77,12.9,83
Judson College,IL,Private,313,228,137,9414,9414,34,10.6,56
Kendall College,IL,Private,150,150,121,6900,6900,24,15.9,80
Knox College,IL,Private,1040,845,286,15747,15747,88,12.7,79
Lake Forest College,IL,Private,979,638,271,16880,16880,91,10.7,77
Lewis University,IL,Private,1154,1050,395,10560,10560,36,14.3,61
Loyola University Chicago,IL,Private,3579,2959,868,11500,11500,94,6.2,65
MacMurray College,IL,Private,740,558,177,9620,9620,49,10.8,59
McKendree College,IL,Private,1002,555,119,7680,7680,70,17.7,52
Millikin University,IL,Private,1444,1261,456,11910,11910,60,11.4,75
Monmouth College,IL,Private,601,503,204,13000,13000,91,11.6,56
National-Louis University,IL,Private,513,347,279,9090,9090,62,18.3,71
North Central College,IL,Private,1127,884,308,11718,11718,73,16.4,76
North Park College,IL,Private,465,361,176,12580,12580,76,13.1,74
Northern Illinois University,IL,Public,10706,7219,2397,2600,7799,73,17.3,56
Northwestern University,IL,Private,12289,5200,1902,16404,16404,96,6.8,92
Olivet Nazarene University,IL,Private,678,640,388,7700,7700,39,14.6,54
Principia College,IL,Private,205,179,129,12816,12816,71,9.6,90
Quincy University,IL,Private,1025,707,297,10100,10100,69,16.3,80
Rockford College,IL,Private,591,505,196,12305,12305,57,12.3,60
Roosevelt University,IL,Private,422,367,218,8580,8580,75,12.2,77
Rosary College,IL,Private,434,321,141,10950,10950,79,12.9,81
Southern Illinois University at Carbondale,IL,Public,1470,1095,2158,2318,6953,71,14.9,44
Southern Illinois University at Edwardsville,IL,Public,2540,2195,994,1824,5472,76,16.5,43
Illinois Benedictine College,IL,Private,607,558,269,10500,10500,81,11.6,75
Saint Xavier University,IL,Private,785,647,295,10860,10860,87,13.7,55
Trinity College,IL,Private,746,473,317,9600,9600,54,21.9,28
University of Chicago,IL,Private,6348,2999,922,18930,18930,99,5.3,90
University of Illinois - Urbana,IL,Public,14939,11652,5705,2760,7560,87,17.4,81
University of Illinois at Chicago,IL,Public,8384,5727,2710,2520,7230,82,10.0,34
Western Illinois University,IL,Public,6491,5027,1563,1902,5706,77,17.2,55
Wheaton College,IL,Private,1432,920,548,11480,11480,81,12.7,85
Anderson University,IN,Private,1216,908,423,10100,10100,48,12.1,59
Ball State University,IN,Public,9361,7910,3849,2864,7244,69,17.7,51
Bethel College,IN,Private,495,415,267,9300,9300,51,14.6,60
Butler University,IN,Private,2362,2037,700,13130,13130,77,10.9,83
DePauw University,IN,Private,1994,1656,495,14300,14300,78,11.1,82
Earlham College,IN,Private,1358,1006,274,15036,15036,90,10.6,78
University of Evansville,IN,Private,2096,1626,694,11800,11800,60,15.8,77
Franklin College,IN,Private,804,632,281,10390,10390,54,12.5,60
Goshen College,IN,Private,440,396,221,9420,9420,51,9.9,72
Grace College and Seminary,IN,Private,548,428,167,8958,8958,53,15.3,64
Hanover College,IN,Private,1006,837,317,8200,8200,84,10.6,64
Huntington College,IN,Private,450,430,125,9950,9950,76,11.8,47
University of Indianapolis,IN,Private,1487,1276,388,11120,11120,55,11.1,69
Indiana Institute of Technology,IN,Private,1052,810,167,8120,8120,40,15.4,60
University of Southern Indiana,IN,Public,2379,2133,1292,2040,4973,56,22.0,38
Indiana University at Bloomington,IN,Public,16587,13243,5873,2984,9766,77,21.3,68
Indiana Univ. East,IN,Public,814,814,616,2369,6140,52,13.8,24
Indiana Univ.-Purdue Univ. at Fort Wayne,IN,Public,2464,2306,1714,2090,5170,67,16.0,41
Indiana Univ.-Purdue Univ. at Indianapolis,IN,Public,4630,3655,2301,2766,8490,69,10.4,25
Indiana Univ. at Kokomo,IN,Public,1108,1086,723,2369,6140,60,14.7,23
Indiana Univ. Northwest,IN,Public,1572,1241,907,2369,6140,56,18.2,33
Indiana Univ. at South Bend,IN,Public,1500,1250,980,2412,6594,69,14.4,33
Indiana Univ. Southeast,IN,Public,1265,1256,911,2369,6140,76,16.7,33
Manchester College,IN,Private,1004,802,239,10440,10440,63,11.8,64
Marian College,IN,Private,770,542,238,9990,9990,38,10.4,61
Indiana Wesleyan University,IN,Private,735,423,366,9210,9210,49,39.8,34
Oakland City College,IN,Private,495,465,275,7620,7260,41,11.5,62
Purdue University at West Lafayette,IN,Public,21804,18744,5874,2884,9556,86,18.2,67
Purdue University Calumet,IN,Public,1470,1095,447,2374,5521,71,14.3,60
Rose-Hulman Institute of Technology,IN,Private,3320,1840,381,13380,13380,91,13.6,97
Saint Francis College,IN,Private,213,166,85,8670,8670,43,12.5,48
Saint Joseph's College,IN,Private,920,684,225,11200,11200,55,14.8,67
Calumet College of St. Joseph,IN,Private,225,203,176,3960,3960,37,10.6,60
Saint Mary-of-the-Woods College,IN,Private,150,130,88,10300,10300,44,10.2,75
Saint Mary's College,IN,Private,888,734,393,12730,12730,74,9.9,98
Saint Meinrad College,IN,Private,69,44,36,6004,6004,67,4.9,60
Taylor University,IN,Private,1769,1092,437,10965,10965,60,14.2,98
Tri-State University,IN,Private,1262,1102,276,9456,9456,53,12.8,65
University of Notre Dame,IN,Private,7700,3700,1906,16850,16850,96,13.1,97
Valparaiso University,IN,Private,2075,1727,520,11800,11800,87,14.2,95
Wabash College,IN,Private,800,623,256,12925,12925,78,9.9,72
Indiana State University,IN,Public,5659,4761,3147,2802,6892,72,16.6,40
Baker University,KS,Private,602,483,206,8620,8620,58,11.0,65
Bethany College,KS,Private,878,816,200,8740,8740,62,11.6,48
Bethel College,KS,Private,202,184,122,8540,8540,61,8.8,56
Fort Hays State University,KS,Public,1363,1363,806,1734,4869,65,18.1,44
Friends University,KS,Private,358,276,172,8516,8516,55,25.0,49
Pittsburg State University,KS,Public,1419,1313,813,1778,5424,52,23.2,58
Emporia State University,KS,Public,1256,1256,853,1729,5401,72,19.3,50
Kansas State University,KS,Public,5880,4075,2833,1713,6995,76,18.5,54
Kansas Wesleyan University,KS,Private,589,575,148,8400,8400,63,12.4,68
McPherson College,KS,Private,420,293,93,7950,7950,54,9.8,48
Ottawa University,KS,Private,607,388,236,7250,7250,47,14.5,46
Southwestern College,KS,Private,213,155,75,7200,7200,56,11.8,52
Saint Mary College,KS,Private,273,229,66,7800,7800,50,8.2,53
Sterling College,KS,Private,479,373,127,8280,8280,50,16.1,36
Tabor College,KS,Private,257,183,109,7850,7850,55,10.0,53
University of Kansas,KS,Public,8579,5561,3681,1650,6994,88,13.7,57
Washburn University,KS,Public,1100,1078,560,2790,4774,82,13.8,53
Wichita State University,KS,Public,2901,2236,896,1650,6994,82,20.4,32
MidAmerica Nazarene College,KS,Private,331,331,225,6840,6840,33,15.4,49
Benedictine College,KS,Private,632,620,222,9550,9550,64,14.1,58
Alice Lloyd College,KY,Private,1174,607,289,8050,3800,56,19.4,31
Asbury College,KY,Private,643,509,280,8988,8988,61,12.1,60
Bellarmine College,KY,Private,807,707,308,8840,8840,74,13.1,84
Berea College,KY,Private,1836,599,455,8050,8670,77,13.2,57
Brescia College,KY,Private,307,260,99,7500,7500,49,10.1,56
Campbellsville College,KY,Private,848,587,298,6060,6060,62,17.7,49
Spalding University,KY,Private,283,201,97,8400,8400,50,10.6,89
Centre College,KY,Private,1013,888,288,11850,11850,95,11.4,74
Cumberland College,KY,Private,995,789,398,6230,6230,42,13.0,63
Eastern Kentucky University,KY,Public,5443,5135,2445,1700,4700,82,19.8,39
Georgetown College,KY,Private,727,693,286,8000,8100,73,13.3,55
Kentucky State University,KY,Public,1636,952,424,1340,4120,60,15.0,19
Kentucky Wesleyan College,KY,Private,584,497,175,8000,8000,57,11.3,62
Lindsey Wilson College,KY,Private,1089,865,382,6600,6600,32,19.3,60
Morehead State University,KY,Public,2825,2495,1300,1580,4740,58,19.9,52
Murray State University,KY,Public,2225,1910,1190,1580,4738,72,20.2,52
Pikeville College,KY,Private,404,400,169,6000,6000,48,13.4,61
Transylvania University,KY,Private,759,729,244,10900,10900,81,12.1,70
Union College,KY,Private,484,384,177,7800,7800,60,14.1,64
University of Kentucky,KY,Public,7769,5689,2675,2160,6640,95,12.2,52
University of Louisville,KY,Public,4777,3057,1823,2180,6540,84,11.1,31
Thomas More College,KY,Private,808,594,218,9490,9490,65,10.5,66
Western Kentucky University,KY,Public,4441,3260,2082,1801,4961,66,19.1,45
Northern Kentucky University,KY,Public,2920,2506,1682,1720,4720,66,17.7,52
Centenary College of Louisiana,LA,Private,495,434,210,8950,8950,86,11.3,66
Dillard University,LA,Private,1998,1376,651,6700,6700,52,14.1,61
Nicholls State University,LA,Public,2020,1898,1092,1980,4572,65,21.8,36
Grambling State University,LA,Public,4847,3518,1900,1044,1044,46,24.6,58
Louisiana College,LA,Private,2013,1053,212,5150,5150,64,10.5,59
Louisiana Tech University,LA,Public,2397,2144,1525,2262,3957,66,20.0,45
Louisiana State University at Baton Rouge,LA,Public,5996,4993,3079,2625,5925,83,15.9,37
Louisiana State University at Shreveport,LA,Public,675,645,500,1950,4990,62,18.1,35
University of New Orleans,LA,Public,2406,2139,1501,2362,5154,75,17.9,19
Loyola University,LA,Private,1891,1698,719,11100,11100,77,11.7,53
McNeese State University,LA,Public,2066,2031,1525,1966,3450,69,21.1,34
Northeast Louisiana University,LA,Public,2963,2814,1840,1644,3804,57,20.6,21
Northwestern State University of Louisiana,LA,Public,2671,2671,1330,2040,4040,67,29.5,33
Our Lady of Holy Cross College,LA,Private,246,217,171,4400,4400,72,16.1,73
Southeastern Louisiana University,LA,Public,3247,3247,2297,1910,3854,61,24.3,29
Southern University at New Orleans,LA,Public,900,900,490,1451,3009,62,19.6,35
Tulane University,LA,Private,7033,5125,1223,19040,19040,98,9.1,74
University of Southwestern Louisiana,LA,Public,4299,4250,2664,1898,4898,63,22.7,30
Xavier University of Louisiana,LA,Private,2097,1915,695,6900,6900,67,14.4,49
Southern University and A & M College,LA,Public,2431,2416,1711,2028,3950,50,15.9,33
American International College,MA,Private,1420,1093,220,8700,8700,78,14.7,69
Amherst College,MA,Private,4302,992,418,19760,19760,93,8.4,100
Anna Maria College,MA,Private,350,283,82,10800,10800,45,11.7,82
Assumption College,MA,Private,2135,1700,491,12000,12000,93,13.8,88
Merrimack College,MA,Private,1981,1541,514,12500,12500,73,16.8,80
Babson College,MA,Private,2007,1139,407,16600,16600,93,16.8,94
Bentley College,MA,Private,3466,2330,640,13800,13800,87,17.5,82
Berklee College of Music,MA,Private,1975,1516,712,11550,11550,15,10.2,38
Boston College,MA,Private,13112,6179,2154,16640,16640,95,16.6,90
Boston University,MA,Private,20192,13007,3810,18420,18420,80,11.9,72
Bradford College,MA,Private,443,330,151,14080,14080,57,10.2,46
Brandeis University,MA,Private,4186,2743,740,19380,19380,90,9.8,84
Clark University,MA,Private,2887,2059,457,17500,17500,94,10.5,79
Elms College,MA,Private,245,208,125,11800,11800,71,11.3,86
College of the Holy Cross,MA,Private,2994,1691,659,18000,18000,92,11.3,95
Curry College,MA,Private,1224,936,283,13600,13600,39,8.7,58
Eastern Nazarene College,MA,Private,516,409,200,8770,8770,58,17.3,70
Emerson College,MA,Private,1849,1228,492,15200,15200,71,18.0,62
Endicott College,MA,Private,1000,858,319,11455,11455,33,12.3,60
Gordon College,MA,Private,674,565,282,12200,12200,73,14.2,66
Harvard University,MA,Private,13865,2165,1606,18485,18485,97,9.9,100
Lasell College,MA,Private,618,540,171,11475,11475,32,9.1,60
Lesley College,MA,Private,244,198,82,11700,11700,71,27.8,58
University of Massachusetts at Lowell,MA,Public,3986,3026,1093,4694,9838,81,16.1,53
Massachusetts Institute of Technology,MA,Private,6411,2140,1078,20100,20100,99,10.1,94
Bridgewater State College,MA,Public,4915,3340,1064,1408,5542,73,17.1,51
Fitchburg State College,MA,Public,2857,2090,577,1408,5542,71,14.7,57
Framingham State College,MA,Public,4141,2316,586,1380,5244,68,21.2,60
North Adams State College,MA,Public,1563,1005,240,1408,5542,65,14.2,57
Salem State College,MA,Public,3973,3168,1334,1408,5542,55,21.0,45
Westfield State College,MA,Public,3100,2150,825,1408,5542,75,15.7,65
Worcester State College,MA,Public,2197,1515,543,2663,6797,60,21.0,40
Mount Holyoke College,MA,Private,1800,1314,526,19300,19300,79,9.0,84
Mount Ida College,MA,Private,4750,4041,795,9810,9810,32,13.5,77
Nichols College,MA,Private,780,702,218,9744,9744,83,27.7,60
Northeastern University,MA,Private,11901,8492,2517,13380,13380,73,12.9,46
Pine Manor College,MA,Private,354,323,125,15190,15190,46,8.9,67
Regis College,MA,Private,427,385,143,12700,12700,81,10.3,84
Simmons College,MA,Private,1003,782,295,16160,16160,74,8.9,79
Smith College,MA,Private,2925,1598,632,18820,18820,85,10.3,90
University of Massachusetts at Dartmouth,MA,Public,3347,2597,1006,1836,6919,74,15.0,56
Springfield College,MA,Private,1888,1347,519,9438,9438,55,12.8,76
Stonehill College,MA,Private,3646,2300,585,12170,12170,79,13.0,97
Suffolk University,MA,Private,1247,980,356,10584,10584,95,13.3,60
Tufts University,MA,Private,7614,3605,1205,19701,19701,99,10.3,92
University of Massachusetts at Amherst,MA,Public,14438,12414,3816,2220,8566,88,16.7,68
University of Massachusetts at Boston,MA,Public,2237,1495,800,2220,8568,86,14.5,41
Wellesley College,MA,Private,2895,1249,579,18345,18345,94,10.6,91
Western New England College,MA,Private,1650,1471,409,8994,8994,74,15.4,59
Wheaton College,MA,Private,1738,1373,417,18460,18460,92,13.2,71
Wheelock College,MA,Private,399,335,161,13472,13472,74,9.6,74
Williams College,MA,Private,4186,1245,526,19629,19629,94,9.0,99
Worcester Polytechnic Institute,MA,Private,2768,2314,682,15884,15884,92,15.2,82
Hampshire College,MA,Private,1342,998,309,20655,20655,79,11.4,62
Simon's Rock College of Bard,MA,Private,300,171,132,16900,16900,76,8.2,84
Wentworth Institute of Technology,MA,Private,1480,1257,452,9850,9850,10,15.4,64
Capitol College,MD,Private,100,90,35,8400,8400,10,12.1,52
Bowie State University,MD,Public,1643,882,407,2141,4869,57,22.0,17
College of Notre Dame of Maryland,MD,Private,457,356,177,11180,11180,64,11.5,75
Columbia Union College,MD,Private,1301,957,101,9500,9500,47,13.9,63
Coppin State College,MD,Public,1478,723,381,2600,5000,69,16.3,60
Frostburg State University,MD,Public,2916,2167,911,2431,5428,78,17.8,54
Goucher College,MD,Private,1151,813,248,15588,15588,78,9.2,77
Hood College,MD,Private,699,565,176,13960,13960,82,14.4,72
Johns Hopkins University,MD,Private,8474,3446,911,18800,18800,96,3.3,90
Loyola College,MD,Private,4076,3137,738,12990,12990,86,14.7,80
Morgan State University,MD,Public,5892,3034,1358,1794,4136,80,18.2,29
Mount Saint Mary's College,MD,Private,1321,1159,328,12850,12850,77,12.8,80
Salisbury State University,MD,Public,4216,2290,736,2328,5130,73,17.9,56
St. John's College,MD,Private,323,278,122,16150,16150,63,7.2,64
St. Mary's College of Maryland,MD,Public,1340,695,285,4000,6800,84,11.6,63
Towson State University,MD,Public,6151,3837,1215,2166,5166,76,17.6,60
United States Naval Academy,MD,Public,11522,1463,1181,8050,8670,54,6.8,94
University of Maryland at College Park,MD,Public,14292,10315,3409,2919,8723,89,18.1,63
University of Maryland at Baltimore County,MD,Public,4269,2594,985,3338,8594,82,18.4,55
University of Maryland Eastern Shore,MD,Public,1600,1016,508,2674,7014,56,17.8,35
Villa Julie College,MD,Private,823,347,237,7400,7400,39,10.2,72
Washington College,MD,Private,1209,942,214,15276,15276,79,11.2,65
Western Maryland College,MD,Private,1205,984,278,14510,14510,84,12.5,60
University of Maine at Presque Isle,ME,Public,461,381,235,2700,6600,67,15.2,35
Bates College,ME,Private,3461,1541,577,25180,25180,79,9.8,93
Bowdoin College,ME,Private,3356,1019,418,19030,19030,93,11.2,96
Colby College,ME,Private,2848,1319,456,18930,18930,83,10.2,91
University of Maine at Farmington,ME,Public,1208,803,438,2790,6810,67,15.9,59
University of Maine at Fort Kent,ME,Public,225,168,104,1968,4800,65,15.0,38
Husson College,ME,Private,723,652,361,7800,7800,36,22.0,84
University of New England,ME,Private,1209,750,265,11450,11450,72,11.4,64
Saint Joseph's College,ME,Private,833,682,217,9985,9985,53,27.2,85
Thomas College,ME,Private,356,312,139,8850,8850,29,21.8,75
University of Maine at Orono,ME,Public,5260,4589,1741,3085,7975,93,14.5,56
University of Maine at Machias,ME,Public,441,369,172,2700,6600,46,15.1,64
Unity College,ME,Private,456,409,185,8750,9550,45,11.4,44
University of Southern Maine,ME,Public,2335,1933,905,2880,8160,71,14.6,60
Adrian College,MI,Private,1428,1097,336,11250,11250,53,12.9,54
Albion College,MI,Private,1899,1720,489,13868,13868,89,13.7,73
Alma College,MI,Private,1267,1080,385,12572,12572,79,15.3,68
Andrews University,MI,Private,1130,704,322,9996,9996,62,11.5,46
Aquinas College,MI,Private,619,516,219,11208,11208,55,12.7,65
Calvin College,MI,Private,1784,1512,913,10230,10230,75,14.8,81
Central Michigan University,MI,Public,7304,6263,2539,2725,6660,66,20.4,70
Concordia College,MI,Private,180,171,74,10430,10430,55,11.6,84
William Tyndale College,MI,Private,260,195,139,5519,5519,85,12.9,16
Eastern Michigan University,MI,Public,6693,5423,2242,2482,6360,74,20.6,49
Ferris State University,MI,Public,8671,5855,3395,3412,6911,38,18.2,57
Grand Valley State University,MI,Public,5165,3887,1561,2422,6108,64,20.6,57
Hillsdale College,MI,Private,920,745,347,11090,11090,80,12.0,79
Hope College,MI,Private,1712,1483,624,12275,12275,72,12.5,72
Kalamazoo College,MI,Private,1224,1101,338,16179,16179,75,12.4,74
Lawrence Technological University,MI,Private,867,695,312,6759,6759,40,15.8,45
Madonna University,MI,Private,440,391,231,5040,5040,54,14.7,57
Marygrove College,MI,Private,1470,177,125,8094,8094,51,10.6,23
Michigan State University,MI,Public,18114,15096,6180,4103,10658,93,14.0,71
Michigan Technological University,MI,Public,2618,2288,1032,3510,8127,82,17.0,65
Lake Superior State University,MI,Public,1406,1169,522,3312,6456,47,19.9,51
Northern Michigan University,MI,Public,4519,3844,1432,2076,3880,59,22.0,51
Oakland University,MI,Public,3041,2581,1173,3123,9114,88,19.7,53
Olivet College,MI,Private,620,565,296,10500,10500,53,16.0,51
Saginaw Valley State University,MI,Public,1549,1349,687,2674,5673,77,18.2,40
Siena Heights College,MI,Private,464,419,183,9240,9240,29,7.2,47
Spring Arbor College,MI,Private,372,362,181,8600,8600,48,15.4,49
University of Detroit Mercy,MI,Private,927,731,415,11130,11130,72,13.5,51
University of Michigan at Dearborn,MI,Public,1796,1303,882,3440,10116,80,18.0,63
University of Michigan at Flint,MI,Public,970,877,551,2916,9534,70,17.7,64
Wayne State University,MI,Public,4219,3098,1543,3271,7162,85,10.9,41
Western Michigan University,MI,Public,9167,7191,2738,2785,6940,80,24.7,55
Baker College of Flint,MI,Private,1754,1754,1171,5760,5960,11,38.2,60
Center for Creative Studies,MI,Private,601,396,203,11230,11230,8,6.8,47
Northwood University,MI,Private,1093,998,285,9450,9450,33,91.8,35
University of Michigan at Ann Arbor,MI,Public,19152,12940,4893,5040,15732,90,11.5,87
Augsburg College,MN,Private,662,513,257,11902,11902,65,12.8,58
Bemidji State University,MN,Public,1208,877,546,2133,4425,57,19.6,46
Carleton College,MN,Private,2694,1579,489,19292,19292,81,10.4,91
College of Saint Benedict,MN,Private,938,864,511,12247,12247,70,13.1,72
College of Saint Catherine,MN,Private,511,411,186,12224,12224,63,11.5,77
College of St. Scholastica,MN,Private,672,596,278,11844,11844,54,11.6,72
University of St. Thomas,MN,Private,2057,1807,828,11712,11712,80,13.8,89
Concordia College-Moorhead,MN,Private,2007,1808,829,10110,10110,71,13.4,69
Concordia College at St. Paul,MN,Private,281,266,139,10500,10500,69,12.8,45
Gustavus Adolphus College,MN,Private,1709,1385,634,14125,14125,79,12.5,80
Hamline University,MN,Private,1006,825,328,13252,13252,89,13.0,65
Macalester College,MN,Private,2939,1496,452,15909,15909,85,11.9,77
Mankato State University,MN,Public,3073,2672,1547,2600,4300,57,19.0,68
Moorhead State University,MN,Public,2442,2164,1189,2134,4426,76,18.1,60
Northwestern College,MN,Private,699,601,352,11328,11328,45,14.5,60
Southwest State University,MN,Public,1047,938,511,2285,4285,58,16.5,51
Saint Cloud State University,MN,Public,3971,3306,1921,2270,4259,70,18.9,58
Saint John's University,MN,Private,933,800,444,12247,12247,76,12.0,70
Saint Mary's College of Minnesota,MN,Private,876,802,367,10800,10800,68,18.8,78
Saint Olaf College,MN,Private,2248,1673,745,14350,14350,82,10.0,83
University of Minnesota at Duluth,MN,Public,4192,3126,1656,2994,8828,79,19.0,53
University of Minnesota at Morris,MN,Public,1458,874,588,3330,9843,74,14.6,51
Winona State University,MN,Public,3325,2047,1301,2200,4200,53,20.2,58
University of Minnesota Twin Cities,MN,Public,11054,6397,3524,3171,8949,88,12.2,45
Bethel College,MN,Private,856,698,310,11050,11050,60,12.1,68
Avila College,MO,Private,373,298,86,8950,8950,57,10.6,54
Central Methodist College,MO,Private,633,504,210,7780,7780,50,15.1,49
Central Missouri State University,MO,Public,4681,4101,1436,2310,4620,69,19.7,50
Columbia College,MO,Private,314,158,132,8294,8294,87,15.3,37
Culver-Stockton College,MO,Private,1576,1110,274,8000,8000,51,14.1,51
Drury College,MO,Private,700,650,314,8730,8730,82,13.2,67
Fontbonne College,MO,Private,291,245,126,8390,8390,45,21.5,62
Kansas City Art Institute,MO,Private,639,427,182,6572,6572,71,9.4,58
Lincoln University,MO,Public,1400,1396,688,1800,3600,36,14.4,60
Lindenwood College,MO,Private,810,484,356,9200,9200,65,24.1,100
Maryville University,MO,Private,549,397,169,9250,9250,52,13.1,61
Missouri Southern State College,MO,Public,1576,1326,913,1920,3840,52,20.3,100
Missouri Valley College,MO,Private,1310,983,316,8550,8550,35,17.4,27
Missouri Western State College,MO,Public,1887,1870,848,1998,3900,54,19.0,40
Northeast Missouri State University,MO,Public,6040,4577,1620,2704,4856,69,15.7,76
Northwest Missouri State University,MO,Public,2729,2535,1257,2130,3735,62,21.7,54
Park College,MO,Private,270,225,65,3750,3750,39,18.4,49
Rockhurst College,MO,Private,935,858,345,9490,9490,60,10.7,79
College of the Ozarks,MO,Private,3258,338,326,8050,8670,53,14.3,87
Southeast Missouri State University,MO,Public,2281,1870,1408,2550,4680,75,17.1,45
Southwest Baptist University,MO,Private,1093,1093,642,7070,7070,52,15.9,71
Southwest Missouri State University,MO,Public,6118,5254,3204,2370,4740,70,19.9,56
Saint Louis University,MO,Private,3294,2855,956,11690,11690,84,4.6,67
Stephens College,MO,Private,450,405,194,13900,13900,46,10.9,59
University of Missouri at Columbia,MO,Public,6574,4637,2940,3030,9057,87,12.7,58
University of Missouri at Rolla,MO,Public,1877,1826,823,3030,9057,88,14.4,49
University of Missouri at Kansas City,MO,Public,1901,1340,655,3475,9501,98,11.6,44
University of Missouri at Saint Louis,MO,Public,1618,1141,479,2424,7246,71,13.4,48
Washington University,MO,Private,7654,5259,1254,18350,18350,91,3.9,90
Webster University,MO,Private,665,462,226,9160,9160,68,20.6,48
Westminster College,MO,Private,662,553,184,10720,10720,66,12.5,62
William Jewell College,MO,Private,663,547,315,10060,10060,74,11.2,59
William Woods University,MO,Private,469,435,227,10535,10535,39,12.9,52
Missouri Baptist College,MO,Private,308,1095,110,5780,5780,52,17.9,32
Hannibal-LaGrange College,MO,Private,233,201,169,6050,6050,38,11.9,60
Alcorn State University,MS,Public,2928,1853,481,4474,6616,45,14.1,35
Belhaven College,MS,Private,248,197,121,7600,7600,60,15.8,60
Blue Mountain College,MS,Private,75,75,47,3660,3660,33,11.3,66
Delta State University,MS,Public,967,945,459,1812,4528,49,17.1,58
Jackson State University,MS,Public,4799,3278,1561,2230,4190,60,15.4,41
Millsaps College,MS,Private,905,834,319,11320,11320,82,12.7,58
Mississippi College,MS,Private,594,385,307,5580,5580,77,16.5,61
Mississippi University for Women,MS,Public,480,405,380,2244,4386,49,15.8,63
Mississippi State University,MS,Public,4255,3277,1609,4946,9866,77,15.9,53
Mississippi Valley State University,MS,Public,2800,1090,580,2164,4306,43,18.6,56
Rust College,MS,Private,1328,673,282,4000,4000,44,19.6,49
Tougaloo College,MS,Private,3280,578,311,5010,5010,53,14.5,53
University of Mississippi,MS,Public,3844,3383,1669,1996,4916,81,20.3,53
University of Southern Mississippi,MS,Public,2850,2044,1046,2392,4652,78,18.7,45
William Carey College,MS,Private,200,165,121,5115,5115,36,13.6,19
Carroll College,MT,Private,529,492,261,8650,8650,49,14.1,58
College of Great Falls,MT,Private,394,394,268,5100,5100,50,11.8,60
Montana State University-Billings,MT,Public,931,912,596,2142,5866,70,18.5,40
Montana College of Mineral Sci. & Tech.       MT,MT,Public,572,544,320,2013,6073,71,16.4,74
Montana State University,MT,Public,3500,2836,1779,1576,5552,75,17.6,37
"Montana State University, Northern",MT,Public,840,840,611,3542,5879,20,10.6,60
Rocky Mountain College,MT,Private,560,392,270,8734,8734,56,11.3,68
University of Montana,MT,Public,3314,2809,1563,2251,6311,75,21.7,30
Western Montana College,MT,Public,376,256,256,1935,5658,50,16.4,59
North Carolina A. & T. State University,NC,Public,4809,3089,1429,740,6806,72,16.7,44
Appalachian State University,NC,Public,7313,4664,1910,740,6806,83,18.3,70
University of North Carolina at Asheville,NC,Public,1757,979,394,608,5972,77,13.0,37
Barton College,NC,Private,771,643,229,7420,7420,55,13.7,67
Barber Scotia College,NC,Private,933,933,480,4045,4045,50,13.5,34
Belmont Abbey College,NC,Private,632,494,129,9000,9000,78,13.2,52
Bennett College,NC,Private,774,542,193,5600,5600,63,12.1,44
Campbell University,NC,Private,2087,1339,657,7550,7550,77,21.8,63
Catawba College,NC,Private,1083,880,291,9270,9270,75,13.5,55
Davidson College,NC,Private,2373,956,452,17295,17295,95,12.0,94
Duke University,NC,Private,13789,3893,1583,18590,18590,95,5.0,97
East Carolina University,NC,Public,9274,6362,2435,764,7248,74,13.2,58
Elizabeth City State University,NC,Public,1531,827,405,556,5030,68,14.1,51
Elon College,NC,Private,3624,2786,858,9100,9100,70,18.9,63
Fayetteville State University,NC,Public,1455,1064,452,740,6806,75,15.1,24
Gardner Webb University,NC,Private,1110,930,332,8180,8180,65,15.2,29
Greensboro College,NC,Private,608,494,176,8330,8330,64,13.0,39
Guilford College,NC,Private,1202,1054,326,13404,13404,78,15.6,65
High Point University,NC,Private,1412,1149,347,7550,7550,55,17.8,62
Johnson C. Smith University,NC,Private,1349,932,407,5453,5453,61,14.2,37
Lees-McRae College,NC,Private,545,529,216,3807,8670,50,13.2,60
Lenoir-Rhyne College,NC,Private,979,743,259,10100,10100,88,12.0,66
Livingstone College,NC,Private,900,473,217,4400,4400,53,10.4,92
Mars Hill College,NC,Private,1056,873,385,6950,6950,60,11.9,69
Meredith College,NC,Private,857,772,376,6720,6720,77,13.9,82
Methodist College,NC,Private,750,633,296,8850,8850,73,11.4,56
Montreat-Anderson College,NC,Private,263,223,103,8438,8438,42,11.1,15
North Carolina Central University,NC,Public,1773,1320,559,676,5730,66,15.4,40
North Carolina Wesleyan College,NC,Private,812,689,195,8242,8242,77,12.7,52
Pembroke State University,NC,Public,944,774,440,628,6360,77,15.0,48
Pfeiffer College,NC,Private,838,651,159,8640,8640,62,12.2,48
Queens College,NC,Private,516,392,154,11020,11020,73,14.0,58
Salem College,NC,Private,335,284,132,10475,10475,68,11.2,60
Shaw University,NC,Private,2533,937,620,9192,9192,71,14.4,69
St. Andrews Presbyterian College,NC,Private,624,599,170,10375,10375,79,13.8,56
St. Augustine's College,NC,Private,3113,1786,457,3850,3850,43,14.0,56
North Carolina State University at Raleigh,NC,Public,10634,7064,3176,874,8400,92,17.5,62
University of North Carolina at Chapel Hill,NC,Public,14596,5985,3331,874,8400,88,8.9,83
University of North Carolina at Charlotte,NC,Public,5803,4441,1730,764,7248,79,16.8,62
University of North Carolina at Greensboro,NC,Public,5191,4134,1500,931,8677,75,15.5,53
Wake Forest University,NC,Private,5661,2392,903,13850,13850,95,4.3,89
Warren Wilson College,NC,Private,440,311,112,10000,10000,65,11.4,63
Western Carolina University,NC,Public,3224,2519,1057,718,6390,67,14.6,55
University of North Carolina at Wilmington,NC,Public,6071,3856,1449,1492,7558,82,19.1,55
Wingate College,NC,Private,1239,1017,383,7820,7820,69,13.9,91
Winston-Salem State University,NC,Private,1065,801,385,1254,6272,67,13.5,46
Dickinson State University,ND,Public,434,412,319,1681,4486,50,16.5,46
Jamestown College,ND,Private,472,410,262,7620,7620,51,17.0,54
University of Mary,ND,Private,659,601,342,6490,6490,26,18.0,48
Mayville State University,ND,Public,233,233,153,1680,4486,68,15.7,51
Minot State University,ND,Public,681,681,681,1711,4260,44,20.1,60
University of North Dakota,ND,Public,2777,2249,1652,2110,5634,97,15.9,49
Valley City State University,ND,Public,368,344,212,1606,4286,39,14.9,40
North Dakota State University,ND,Public,2968,2297,1610,2310,5834,79,17.0,42
Chadron State College,NE,Public,1024,1024,547,1575,2670,62,25.0,80
College of Saint Mary,NE,Private,305,230,107,9000,9000,23,8.9,47
Concordia College,NE,Private,440,434,252,7896,7896,54,11.1,80
Creighton University,NE,Private,2967,2836,876,10628,10628,85,6.5,85
Dana College,NE,Private,504,482,185,9130,9130,46,12.6,54
Doane College,NE,Private,793,709,244,9570,9570,67,15.1,60
Hastings College,NE,Private,817,708,262,9376,9376,57,13.0,52
University of Nebraska at Kearney,NE,Public,2837,2697,1417,1665,2550,59,19.0,55
Midland Lutheran College,NE,Private,627,585,260,10300,10300,42,14.5,56
University of Nebraska at Omaha,NE,Public,2704,2537,1766,1687,4560,77,19.7,19
Nebraska Wesleyan University,NE,Private,969,762,382,9540,9540,82,13.5,60
Peru State College,NE,Public,701,501,458,1432,2580,48,20.1,44
Union College,NE,Private,355,304,168,8760,8760,48,8.5,48
University of Nebraska at Lincoln,NE,Public,6277,6003,3526,2055,5595,86,15.1,53
Wayne State College,NE,Public,1373,1373,724,1500,2700,60,20.3,52
Bellevue University,NE,Private,132,132,112,3150,3150,66,17.6,60
Colby-Sawyer College,NH,Private,910,776,208,14090,14090,71,12.9,72
Dartmouth College,NH,Private,8587,2273,1087,19545,19545,95,4.7,98
Franklin Pierce College,NH,Private,5187,4471,446,13320,13320,50,17.6,51
New England College,NH,Private,951,879,199,13325,13325,42,9.5,59
New Hampshire College,NH,Private,1498,1275,292,10608,10608,34,38.4,76
Notre Dame College,NH,Private,379,324,107,9990,9990,44,12.1,33
Rivier College,NH,Private,484,386,141,9870,9870,59,12.2,81
Saint Anselm College,NH,Private,2095,1553,514,12950,12950,70,14.5,97
University of New Hampshire,NH,Public,9750,7640,2529,3550,11180,89,17.5,75
Keene State College,NH,Public,3121,2446,822,2590,7870,73,16.1,61
Plymouth State College,NH,Public,3321,2375,748,2590,7870,82,18.8,60
Daniel Webster College,NH,Private,585,508,153,12292,12292,61,22.2,72
Thomas More Coll. of Liberal Arts,NH,Private,35,35,22,7200,7200,80,11.8,60
Bloomfield College,NJ,Private,1694,1408,268,8300,8300,53,14.4,38
Caldwell College,NJ,Private,1011,604,213,8900,8900,87,13.9,55
Centenary College,NJ,Private,369,312,90,11400,11400,41,9.5,24
College of Saint Elizabeth,NJ,Private,444,359,122,10900,10900,68,11.4,78
Drew University,NJ,Private,2153,1580,321,18432,18432,93,10.2,83
Georgian Court College,NJ,Private,348,281,127,9150,9150,56,12.2,76
Rowan College of New Jersey,NJ,Public,3820,1431,695,2342,4356,76,22.1,51
Felician College,NJ,Private,420,280,155,8100,8100,66,11.2,60
Jersey City State College,NJ,Public,2957,1423,691,2798,3946,63,14.9,26
Monmouth College,NJ,Private,2707,1881,478,12480,12480,70,14.2,54
Montclair State University,NJ,Public,5220,2128,865,2400,3648,82,21.5,58
New Jersey Institute of Technology,NJ,Public,1879,1216,483,4188,8832,92,13.5,72
Kean College of New Jersey,NJ,Public,3344,2322,1105,1965,2875,76,17.2,40
William Paterson College of New Jersey,NJ,Public,5485,2662,1108,2385,3135,77,23.5,38
Princeton University,NJ,Private,13218,2042,1153,19900,19900,91,8.4,99
Rider University,NJ,Private,3586,2424,730,13250,13250,84,12.3,70
Rutgers State University at Newark,NJ,Public,5785,2690,499,3640,7410,90,17.4,58
Seton Hall University,NJ,Private,4576,3565,1000,12000,12000,81,14.4,64
Saint Peter's College,NJ,Private,1606,1413,530,9408,9408,78,12.1,53
Stevens Institute of Technology,NJ,Private,1768,1249,380,16900,16900,89,19.0,79
Trenton State College,NJ,Public,5042,2312,944,3116,5391,81,14.4,81
Upsala College,NJ,Private,1540,1363,446,12500,12500,72,14.0,43
Rutgers State University at Camden,NJ,Public,3366,1752,232,3641,7411,90,18.6,57
Rutgers at New Brunswick,NJ,Public,48094,26330,4520,3640,7410,90,19.5,77
Fairleigh Dickinson University,NJ,Private,3148,1616,504,11010,11010,77,16.7,60
Ramapo College of New Jersey,NJ,Public,2088,957,362,3227,4449,74,17.8,47
Stockton College of New Jersey,NJ,Public,4019,1579,710,2288,3040,78,19.5,64
Saint John's College,NM,Private,285,246,126,17430,17430,73,9.8,61
College of Santa Fe,NM,Private,546,447,189,11138,11138,40,14.0,80
College of the Southwest,NM,Private,77,61,27,3120,3120,24,14.3,20
Eastern New Mexico University,NM,Public,1256,1220,590,1518,5586,73,19.6,34
New Mexico Highlands University,NM,Public,777,649,406,1392,5148,72,17.4,28
New Mexico Institute of Mining and Tech. ,NM,Public,787,601,233,1302,5376,99,13.7,34
New Mexico State University,NM,Public,4119,3200,1663,1980,6432,76,19.6,40
Western New Mexico University,NM,Public,1054,1054,470,1394,4652,55,15.5,47
Univ. of New Mexico-Main Campus,NM,Public,3871,3349,1891,1884,7115,91,14.3,34
University of Nevada at Reno,NV,Public,2868,2409,1524,1740,6490,78,15.4,54
University of Nevada-Las Vegas,NV,Public,1470,2786,1595,1740,6490,76,14.8,37
Sierra Nevada College,NV,Private,200,160,100,7500,7500,45,7.5,29
Adelphi University,NY,Private,2186,1924,512,12280,12280,29,12.2,56
Dowling College,NY,Private,1011,829,410,9000,9000,77,12.4,42
Alfred University,NY,Private,1732,1425,472,16548,16548,82,11.3,73
Bard College,NY,Private,1910,838,285,19264,19264,98,10.4,79
Canisius College,NY,Private,2853,2193,753,10750,10750,90,14.6,64
Cazenovia College,NY,Private,3847,3433,527,9384,9384,22,14.3,118
CUNY-Brooklyn College,NY,Public,3589,2992,1367,2450,5050,83,15.6,43
CUNY - City College,NY,Public,3788,2747,1269,2450,5050,78,12.8,34
CUNY-Hunter College,NY,Public,6189,3212,1418,2450,5050,62,14.1,39
CUNY - Queens College,NY,Public,4681,3627,1749,2650,5250,100,12.5,46
Clarkson University,NY,Private,2174,1953,557,15960,15960,95,15.8,77
Colgate University,NY,Private,4856,2492,727,19510,19510,95,10.5,93
College of Mount St. Vincent,NY,Private,946,648,177,11790,11790,75,11.9,83
College of New Rochelle,NY,Private,551,437,143,10200,10200,87,37.5,60
College of Saint Rose,NY,Private,983,664,249,9990,9990,66,14.3,64
Columbia University,NY,Private,6756,1930,871,18624,18624,97,5.9,99
Barnard College,NY,Private,2496,1402,531,17926,17926,83,10.3,91
Concordia College,NY,Private,303,198,101,9370,9370,50,9.5,53
Cooper Union,NY,Private,2339,307,197,8050,8670,67,8.1,95
Cornell University,NY,Private,19227,7171,3286,19000,19000,91,6.9,93
D'Youville College,NY,Private,866,619,157,8920,8920,68,14.6,46
Dominican College of Blauvelt,NY,Private,360,329,108,8310,8310,43,12.7,54
Elmira College,NY,Private,1457,1045,345,14990,14990,77,21.5,64
Fordham University,NY,Private,4200,2874,942,14235,14235,86,14.4,80
Hamilton College,NY,Private,3140,1783,454,19700,19700,91,9.6,91
Hartwick College,NY,Private,2083,1725,430,17480,17480,75,12.3,73
Hobart and William Smith Colleges,NY,Private,2688,2081,500,19029,19029,99,12.1,79
Hofstra University,NY,Private,7428,5860,1349,11600,11600,81,13.9,60
Houghton College,NY,Private,949,786,302,9990,9990,85,15.0,67
Hilbert College,NY,Private,238,235,108,7500,7500,31,14.3,60
Iona College,NY,Private,4892,3530,913,10690,10690,66,16.0,66
Ithaca College,NY,Private,7259,5526,1368,14424,14424,58,11.5,75
Keuka College,NY,Private,461,381,174,9600,9600,55,13.3,51
King's College,NY,Private,356,233,53,8190,8190,100,7.0,60
Le Moyne College,NY,Private,1470,1199,425,11040,11040,89,13.3,94
Manhattan College,NY,Private,2432,1730,563,12370,12370,92,13.6,79
Manhattanville College,NY,Private,962,750,212,14700,14700,97,11.3,70
Marist College,NY,Private,4731,3171,830,10700,10700,74,17.6,69
Marymount College Tarrytown,NY,Private,478,327,117,11510,11510,71,10.3,77
Marymount Manhattan College,NY,Private,695,535,239,10200,10200,63,11.7,68
Mercy College,NY,Private,1518,1378,788,7200,7200,67,13.8,60
Molloy College,NY,Private,481,401,185,8800,8800,38,9.7,80
Medaille College,NY,Private,384,223,143,8920,8920,65,16.2,60
Mount Saint Mary College,NY,Private,1170,695,238,7470,7470,74,15.3,88
Nazareth College of Rochester,NY,Private,947,798,266,10850,10850,77,13.6,61
New York University,NY,Private,13594,7244,2505,17748,17748,87,7.8,71
Niagara University,NY,Private,2220,1796,467,10320,10320,68,14.2,65
Nyack College,NY,Private,460,283,160,7950,7950,35,11.6,55
Pace University,NY,Private,8256,3750,1522,11100,11000,90,13.8,62
Polytechnic University,NY,Private,1132,847,302,16200,16200,90,10.4,62
Pratt Institute,NY,Private,1181,903,292,13975,13975,71,10.8,58
Rensselaer Polytechnic Institute,NY,Private,4996,4165,936,17475,17475,94,15.4,70
Roberts Wesleyan College,NY,Private,459,422,212,10220,10220,45,13.4,46
Rochester Institute of Technology,NY,Private,4704,3798,1381,13968,13968,71,10.8,68
Daemen College,NY,Private,939,894,269,7950,7950,71,23.8,60
Sage Colleges,NY,Private,419,170,373,8050,8670,105,8.2,64
Sarah Lawrence College,NY,Private,1380,768,263,19300,19300,89,6.1,83
Skidmore College,NY,Private,4293,2728,591,18710,18710,87,12.7,81
Siena College,NY,Private,2961,1932,628,10800,10800,71,14.1,100
St. Bonaventure University,NY,Private,1489,1313,375,10456,10456,91,17.7,78
St. Francis College,NY,Private,1013,916,401,6550,6550,63,19.3,45
St. John Fisher College,NY,Private,1368,1064,354,10570,10570,86,14.5,66
St. John's University,NY,Private,7775,2836,2412,9400,9400,72,29.3,65
St. Joseph's College,NY,Private,707,512,222,7350,7350,52,13.6,74
St. Lawrence University,NY,Private,2753,1820,505,18720,18720,90,11.5,85
St. Thomas Aquinas College,NY,Private,861,609,215,8650,8650,69,16.1,67
SUNY at Albany,NY,Public,13528,9198,1843,2650,6550,93,17.4,74
SUNY at Binghamton,NY,Public,14463,6166,1757,2650,6550,83,18.0,80
SUNY at Stony Brook,NY,Public,12512,6969,1724,2650,6550,91,10.5,57
SUNY College at Brockport,NY,Public,7294,3564,904,2650,6550,79,19.0,49
SUNY College at Buffalo,NY,Public,5318,3515,1025,2650,6550,71,18.7,42
SUNY College at Cortland,NY,Public,7888,3519,1036,2650,6550,82,17.8,53
SUNY College at Fredonia,NY,Public,4877,2798,814,2650,6550,82,16.3,66
SUNY College at Geneseo,NY,Public,8598,4562,1143,2650,6550,79,19.1,76
SUNY College at New Paltz,NY,Public,8399,3609,656,2650,6550,85,15.3,53
SUNY College at Oneonta,NY,Public,7500,4350,872,2650,6550,70,17.1,60
SUNY College at Oswego,NY,Public,8000,4556,1464,2650,6550,69,22.0,63
SUNY College at Plattsburgh,NY,Public,5549,3583,853,2650,6550,80,17.9,65
SUNY College at Potsdam,NY,Public,3150,2289,650,2650,6840,71,15.1,59
Syracuse University,NY,Private,10477,7260,2442,15150,15150,73,11.3,67
Utica College of Syracuse University,NY,Private,1278,978,256,12680,12680,64,12.3,65
Union College,NY,Private,3495,1712,528,18732,18732,94,11.5,88
United States Merchant Marine Academy,NY,Public,942,356,283,8050,8670,68,12.8,71
United States Military Academy,NY,Public,13703,1610,1212,8050,8670,37,8.8,95
University of Rochester,NY,Private,8766,5498,1243,17840,17840,93,5.9,80
Vassar College,NY,Private,3550,1877,653,18920,18920,90,9.7,90
Wagner College,NY,Private,1416,1015,417,13500,13500,67,13.2,75
Wells College,NY,Private,318,240,130,14900,14900,93,8.3,69
Yeshiva University,NY,Private,1002,857,606,12584,12584,86,5.2,63
CUNY-York College,NY,Public,1432,1432,706,2450,5050,75,18.9,26
CUNY- Baruch College,NY,Public,5377,2872,1300,2450,5050,83,18.2,47
Long Island University at Brooklyn,NY,Private,3292,1317,707,10258,10258,75,21.6,61
New York Institute of Technology,NY,Private,2531,1978,778,9190,9190,74,18.6,53
SUNY College at Purchase,NY,Public,2119,1264,390,2650,6550,80,14.9,46
CUNY-Lehman College,NY,Public,1897,1384,768,2450,5050,80,15.3,30
SUNY College at Old Westbury,NY,Public,1358,1328,370,2150,5750,67,25.3,22
SUNY at Buffalo,NY,Public,15039,9649,3087,2650,6550,90,13.6,56
CUNY- Medgar Evers College,NY,Public,1289,1289,644,2100,2600,64,16.5,36
SUNY Empire State College,NY,Public,2036,1095,1725,2650,6550,58,15.1,60
New School for Social Research,NY,Private,1914,1190,634,14710,14710,69,10.2,59
CUNY-College of Staten Island,NY,Public,2170,2170,1433,2450,5050,71,17.6,48
Art Academy of Cincinnati,OH,Private,130,82,33,8450,8450,11,7.5,60
Ashland University,OH,Private,1454,1267,424,11431,11431,43,17.4,66
Baldwin-Wallace College,OH,Private,1690,1366,662,10995,10995,68,17.6,85
Bluffton College,OH,Private,692,514,209,9900,9900,76,13.3,58
Bowling Green State University,OH,Public,9251,7333,3076,3070,7452,81,21.1,67
Capital University,OH,Private,1747,1382,449,13050,13050,64,12.1,83
Case Western Reserve University,OH,Private,3877,3156,713,15700,15700,95,2.9,67
Cedarville College,OH,Private,1307,1090,616,7344,7344,50,15.3,64
Central State University,OH,Public,2222,1767,729,1513,4731,49,21.1,60
Cleveland State University,OH,Public,2407,2296,1304,3231,6462,91,18.5,35
College of Mount St. Joseph,OH,Private,798,620,238,9800,9800,46,11.1,100
Franciscan University of Steubenville,OH,Private,553,452,228,9650,9650,57,14.9,83
College of Wooster,OH,Private,2100,1883,553,16240,16240,84,11.1,69
Defiance College,OH,Private,571,461,174,10850,10850,58,12.8,56
Denison University,OH,Private,2762,2279,533,16900,16900,88,11.6,81
University of Findlay,OH,Private,2165,1783,412,11800,11800,51,12.4,60
Franklin University,OH,Private,1304,1300,871,3096,3096,53,19.6,33
Heidelberg College,OH,Private,738,687,241,13780,13780,68,12.5,65
Hiram College,OH,Private,922,729,244,14067,14067,75,10.6,79
John Carroll University,OH,Private,2421,2109,820,11700,11700,89,14.5,89
Kent State University,OH,Public,9210,3040,7425,3927,7854,81,20.8,46
Kenyon College,OH,Private,2212,1538,408,19240,19240,95,11.1,88
Lourdes College,OH,Private,57,55,32,6992,6992,17,9.6,46
Malone College,OH,Private,874,758,428,9858,9858,42,17.6,55
Marietta College,OH,Private,1611,960,342,13850,13850,80,13.2,96
Mount Union College,OH,Private,1310,1086,458,12250,12250,85,16.7,81
Muskingum College,OH,Private,1109,922,375,13240,13240,73,13.4,73
Notre Dame College of Ohio,OH,Private,136,107,42,8064,8064,61,8.7,60
Oberlin College,OH,Private,4778,2767,678,19670,19670,77,10.1,83
Ohio Northern University,OH,Private,2936,2342,669,15990,15990,73,14.5,83
Ohio University,OH,Public,11023,8298,3183,3552,7629,79,20.4,64
Ohio Wesleyan University,OH,Private,2190,1700,458,16732,16732,93,12.1,75
Otterbein College,OH,Private,1496,1205,428,12888,12888,62,13.9,87
Tiffin University,OH,Private,845,734,254,7600,7600,59,19.0,39
University of Akron,OH,Public,6305,5190,3211,2888,7650,71,16.7,43
University of Cincinnati,OH,Public,6855,5553,2408,3234,8907,89,10.8,54
University of Dayton,OH,Private,6361,5293,1507,11380,11380,81,14.8,93
University of Toledo,OH,Public,3055,2959,1527,2693,7441,81,20.4,48
Urbana University,OH,Private,318,265,132,8468,8468,68,15.0,60
Ursuline College,OH,Private,325,260,86,9600,9600,39,10.5,68
Walsh University,OH,Private,1092,890,477,8670,8670,42,11.3,68
Wilberforce University,OH,Private,1259,691,227,6346,6346,26,13.4,60
Wilmington College,OH,Private,709,602,225,10230,10230,59,13.3,67
Wittenberg University,OH,Private,1979,1739,575,15948,15948,82,12.8,78
Xavier University,OH,Private,1959,1805,695,11520,11520,73,13.3,83
Youngstown State University,OH,Public,3297,2903,1907,2196,4536,71,18.0,50
Ohio State University at Columbus,OH,Public,15076,12860,5330,3087,9315,71,13.1,56
Mount Vernon Nazarene College,OH,Private,510,485,334,7400,7400,57,19.8,58
Miami University at Oxford,OH,Public,9239,7788,3290,3740,8856,81,17.6,85
Antioch University,OH,Private,713,661,252,15476,15476,69,11.3,48
Wright State University,OH,Public,1470,1095,447,8050,8670,80,8.1,60
Shawnee State University,OH,Public,1406,1406,952,2262,4128,42,17.3,60
Southern Nazarene University,OK,Private,538,538,319,6293,6293,65,20.8,44
Cameron University,OK,Private,1782,1695,1238,1640,4017,55,19.9,36
Bartlesville Wesleyan College,OK,Private,149,114,81,5950,5950,38,8.4,60
University of Central Oklahoma,OK,Public,3398,3191,1326,1133,1928,65,22.8,31
East Central University,OK,Public,600,550,520,1695,3590,64,18.5,60
Langston University,OK,Private,1171,710,400,1604,2064,69,41.7,60
Northeastern State University,OK,Public,1378,1182,447,1338,2280,62,20.2,25
Northwestern Oklahoma State University,OK,Public,620,410,346,8050,8670,40,16.2,29
Oklahoma Baptist University,OK,Private,758,681,484,5390,5390,63,15.1,50
Oklahoma Christian University,OK,Private,776,765,351,6400,6400,58,16.2,45
Oklahoma City University,OK,Private,940,653,275,8050,8670,59,14.6,40
University of Sci. and Arts of Oklahoma,OK,Public,285,280,208,1408,3687,67,23.6,43
Oklahoma State University,OK,Public,4522,3913,2181,1889,5336,84,15.3,48
Oklahoma Panhandle State University,OK,Public,350,343,251,1212,3274,58,18.1,29
Phillips University,OK,Private,692,576,174,10500,10500,58,11.6,39
Southeastern Oklahoma State Univ.,OK,Public,818,700,447,1500,3738,55,19.6,53
Southwestern Oklahoma State Univ.,OK,Public,1470,1095,920,1298,3225,71,14.3,60
University of Oklahoma,OK,Public,4743,3970,2233,1737,5173,86,11.5,44
University of Tulsa,OK,Private,1712,1557,696,11750,11750,94,11.5,47
Oral Roberts University,OK,Private,1223,650,632,7950,7950,51,15.5,45
Western Baptist College,OR,Private,259,219,118,9200,9200,23,16.8,51
Concordia College,OR,Private,299,206,81,9600,9600,56,14.3,41
Eastern Oregon State College,OR,Public,949,800,356,2600,2600,60,11.9,60
George Fox College,OR,Private,809,726,294,12500,12500,53,13.5,52
Lewis and Clark College,OR,Private,2774,2092,482,15800,15800,97,12.3,69
Linfield College,OR,Private,1561,1188,458,13380,13380,89,17.8,81
Northwest Christian College,OR,Private,1470,1095,447,8050,8670,55,16.9,60
Western Oregon State College,OR,Public,1438,1279,695,2790,7770,77,20.0,60
Oregon State University,OR,Public,4675,3948,1637,2841,7890,88,13.9,45
Oregon Institute of Technology,OR,Public,491,447,271,2904,8676,20,14.7,41
Pacific University,OR,Private,943,849,288,14210,14210,76,10.9,42
Portland State University,OR,Public,1623,1574,837,8050,8670,78,20.0,24
Reed College,OR,Private,1966,1436,327,19960,19960,90,11.8,68
Southern Oregon State College,OR,Public,1237,1037,768,2700,7000,89,17.6,60
University of Oregon,OR,Public,8631,6732,2546,3090,10602,79,19.7,54
University of Portland,OR,Private,1758,1485,419,12040,12040,92,13.2,72
Warner Pacific College,OR,Private,112,87,53,7940,7940,39,12.9,29
Willamette University,OR,Private,1658,1327,395,14800,14800,91,13.3,68
Albright College,PA,Private,1038,839,227,15595,15595,79,11.3,80
Allegheny College,PA,Private,2652,1900,484,17080,17080,73,9.9,76
Alvernia College,PA,Private,707,614,168,8374,8374,42,10.8,72
Beaver College,PA,Private,1163,850,348,12850,12850,78,12.2,73
Bryn Mawr College,PA,Private,1465,810,313,18165,18165,100,12.3,89
Bucknell University,PA,Private,6548,3813,862,18550,18550,95,14.2,93
Cabrini College,PA,Private,599,494,224,10518,10518,59,16.5,71
Carnegie Mellon University,PA,Private,8728,5201,1191,17900,17900,86,9.2,74
Cedar Crest College,PA,Private,776,607,198,14340,14340,58,11.7,74
Chatham College,PA,Private,212,197,91,13500,13500,95,9.3,52
Chestnut Hill College,PA,Private,342,254,126,10335,10335,71,8.3,73
College Misericordia,PA,Private,1432,888,317,10860,10860,56,12.9,96
Delaware Valley College,PA,Private,1383,1199,435,11645,11645,71,19.3,65
Dickinson College,PA,Private,3014,2539,487,18700,18700,87,11.2,87
Drexel University,PA,Private,3451,2934,1118,12348,12348,71,13.1,61
Duquesne University,PA,Private,2830,2374,1003,10578,10578,84,13.8,75
Eastern College,PA,Private,458,369,165,11190,11190,60,13.6,54
Elizabethtown College,PA,Private,2417,1843,426,14190,14190,65,12.8,81
Franklin and Marshall College,PA,Private,3270,2120,508,24940,24940,93,10.9,86
Gannon University,PA,Private,2464,1908,678,10970,10970,47,13.3,65
Geneva College,PA,Private,668,534,237,9476,9476,67,20.1,74
Gettysburg College,PA,Private,3596,2466,575,19964,19964,94,12.1,83
Grove City College,PA,Private,2491,1110,573,5224,5224,65,18.4,100
Gwynedd Mercy College,PA,Private,380,237,104,11000,11000,36,7.8,96
Haverford College,PA,Private,2128,927,292,18833,18833,94,10.6,95
Holy Family College,PA,Private,622,354,169,8800,8800,44,11.2,74
Immaculata College,PA,Private,268,253,103,10000,10000,56,11.2,69
Indiana University of Pennsylvania,PA,Public,6373,3264,1625,2954,7352,77,20.6,63
Juniata College,PA,Private,1005,859,298,14850,14850,97,12.7,80
King's College,PA,Private,1456,1053,381,10910,10910,66,15.6,87
Lafayette College,PA,Private,4010,2402,572,18730,18730,93,10.5,92
La Salle University,PA,Private,2929,1834,622,12600,12600,90,15.1,84
Lebanon Valley College,PA,Private,1386,1060,320,13850,13850,84,12.3,85
Lehigh University,PA,Private,6397,4304,1092,18700,18700,96,12.5,91
Lincoln University,PA,Public,1660,1091,326,3020,4818,71,12.6,45
Lycoming College,PA,Private,1286,1005,363,13900,13900,75,14.0,72
Marywood College,PA,Private,1107,859,323,11040,11040,65,11.8,66
Mercyhurst College,PA,Private,1557,1074,397,9813,9813,45,16.7,78
Messiah College,PA,Private,1742,1382,607,10300,10300,68,14.1,89
Moravian College,PA,Private,1232,955,303,14990,14990,86,15.2,74
Carlow College,PA,Private,395,318,166,9358,9358,58,10.9,68
Muhlenberg College,PA,Private,2519,1836,462,16975,16975,76,12.8,83
Widener University,PA,Private,2139,1492,502,12350,12350,88,12.6,63
Bloomsburg Univ. of Pennsylvania,PA,Public,6773,3028,1025,3086,7844,66,18.0,75
California University of Pennsylvania,PA,Public,2746,1505,1028,2278,6312,53,16.3,58
Cheyney University of Penn.,PA,Public,1104,767,287,2728,6122,52,13.0,60
East Stroudsburg University of Penn.,PA,Public,3812,2227,818,8050,8670,66,19.4,54
Edinboro University of Penn.,PA,Public,4419,3074,1349,3086,7844,54,19.0,54
Kutztown University of Penn.,PA,Public,5880,2840,1136,3512,8285,58,19.4,57
Lock Haven University of Pennsylvania,PA,Public,3570,2215,651,2954,7352,47,16.1,63
Mansfield University of Penn.,PA,Public,2694,1725,606,3154,7452,48,15.9,55
Millersville University of Penn.,PA,Public,6011,3075,960,3086,7844,72,16.8,71
Shippensburg University of Penn.,PA,Public,5818,3281,1116,3086,7844,80,18.8,72
Slippery Rock University of Penn.,PA,Public,4655,3113,1241,2954,7352,72,16.9,56
West Chester University of Penn.,PA,Public,6502,3539,1372,3086,7844,76,15.3,52
University of the Arts,PA,Private,974,704,290,12520,12520,16,7.5,57
Philadelphia Coll. of Textiles and Sci.,PA,Private,1538,1259,468,11690,11690,48,12.9,68
Point Park College,PA,Private,875,744,207,9700,9700,45,14.5,66
Robert Morris College,PA,Private,907,771,387,6540,6540,58,18.5,58
Seton Hill College,PA,Private,936,794,197,11240,11240,71,11.2,71
Saint Francis College,PA,Private,1046,824,284,10880,10880,64,19.3,69
Saint Joseph's University,PA,Private,2519,2003,776,12750,12750,84,17.4,83
Saint Vincent College,PA,Private,700,595,278,10850,10850,62,12.3,88
Susquehanna University,PA,Private,2096,1512,465,16130,16130,83,13.9,90
Swarthmore College,PA,Private,3203,1255,413,19124,19124,93,8.8,95
Temple University,PA,Public,7987,5145,2399,5314,10096,87,11.2,45
Thiel College,PA,Private,1154,951,253,11172,11172,68,11.6,60
University of Pennsylvania,PA,Private,12394,5232,2464,17020,17020,95,6.3,93
University of Pittsburgh-Main Campus,PA,Public,8586,6383,2503,4962,10786,93,7.8,66
University of Scranton,PA,Private,4471,2942,910,11584,11584,83,14.1,92
Ursinus College,PA,Private,1399,1026,308,14900,14900,82,11.6,79
Villanova University,PA,Private,7759,5588,1477,15925,15925,89,13.4,96
Washington and Jefferson College,PA,Private,1305,1100,334,16260,16260,91,12.1,86
Waynesburg College,PA,Private,1190,978,324,8840,8840,57,16.2,63
Westminster College,PA,Private,996,866,377,12065,12065,62,12.5,80
Wilkes University,PA,Private,1631,1431,434,11150,11150,78,13.3,67
Wilson College,PA,Private,167,130,46,11428,11428,67,8.3,67
York College of Pennsylvania,PA,Private,2989,1855,691,4990,4990,75,18.1,99
Allentown Coll. of St. Francis de Sales,PA,Private,1179,780,290,9690,9690,60,13.3,74
La Roche College,PA,Private,361,321,185,8842,8842,57,14.2,52
Neumann College,PA,Private,245,180,69,9950,9950,42,11.0,60
Pennsylvania State Univ. Main Campus,PA,Public,19315,10344,3450,4966,10645,77,18.1,63
Clarion University of Pennsylvania,PA,Public,2740,2497,1188,3086,7844,61,19.2,63
Brown University,RI,Private,12586,3239,1462,19528,19528,99,7.6,97
Bryant College,RI,Private,2198,1786,632,12600,12600,84,19.0,82
Providence College,RI,Private,5139,3346,973,14400,14400,66,18.4,96
Rhode Island College,RI,Public,2310,1767,1030,2370,6694,74,15.7,47
Rhode Island School of Design,RI,Private,1831,842,379,16684,16684,27,10.0,96
Salve Regina University,RI,Private,1475,1257,362,14200,14200,64,9.6,71
University of Rhode Island,RI,Public,9643,7751,1968,3004,10330,84,16.6,63
Roger Williams University,RI,Private,3304,2804,679,12520,12520,44,16.4,61
Charleston Southern University,SC,Private,1199,904,397,7730,7730,60,19.2,39
Benedict College,SC,Private,1622,1472,341,5210,5210,44,14.6,48
Central Wesleyan College,SC,Private,174,146,88,8300,8300,62,15.2,58
The Citadel,SC,Public,1500,1242,611,3076,7070,95,17.1,84
Claflin College,SC,Private,1196,697,499,4412,4412,69,16.9,21
Clemson University,SC,Public,8065,5257,2301,3036,8116,82,18.0,73
Coker College,SC,Private,604,452,295,9888,9888,64,12.1,75
College of Charleston,SC,Public,4772,3140,1265,3060,6120,73,17.2,51
Columbia College,SC,Private,737,614,242,10425,10425,61,14.7,76
Converse College,SC,Private,440,407,149,12050,12050,63,10.2,75
Erskine College,SC,Private,659,557,167,10485,10485,76,13.5,67
Furman University,SC,Private,2161,1951,685,13440,13440,92,13.5,82
Lander University,SC,Public,1166,1009,510,3340,4938,67,17.0,51
Limestone College,SC,Private,725,554,369,7100,7100,39,11.2,60
Morris College,SC,Private,882,730,330,4515,4515,53,18.6,60
Newberry College,SC,Private,872,722,154,10194,10194,57,11.4,83
Presbyterian College,SC,Private,1082,832,302,11859,11859,80,13.4,85
South Carolina State University,SC,Public,2556,1752,946,2200,4380,60,18.3,60
University of South Carolina at Columbia,SC,Public,7693,5815,2328,3196,8074,84,16.9,63
University of South Carolina at Aiken,SC,Public,848,560,377,2320,5800,62,14.8,48
Coastal Carolina University,SC,Public,1854,1391,732,2710,7000,74,17.0,51
Voorhees College,SC,Private,1465,1006,188,4450,4450,43,22.9,58
Winthrop University,SC,Public,2320,1805,769,3620,6400,71,12.8,59
Wofford College,SC,Private,1501,935,273,12680,12680,91,15.3,75
Univ. of South Carolina at Spartanburg,SC,Public,885,553,381,2295,5739,70,15.9,38
Francis Marion University,SC,Public,1801,1655,819,2920,5840,76,19.1,43
Augustana College,SD,Private,761,725,306,10990,10990,66,10.4,69
Black Hills State University,SD,Public,938,938,588,1323,3222,63,29.2,51
Dakota Wesleyan University,SD,Private,342,182,135,7540,7540,38,11.4,75
Dakota State University,SD,Public,385,358,229,1323,3222,47,19.4,35
Huron University,SD,Private,600,197,124,7260,7260,31,12.9,21
Mount Marty College,SD,Private,279,276,126,6844,6844,45,11.7,44
Northern State University,SD,Public,2056,2054,2054,1411,3437,68,20.2,54
Sioux Falls College,SD,Private,437,400,211,8990,8990,73,14.8,48
South Dakota School of Mines and Tech.,SD,Public,1034,932,866,1364,3573,80,15.5,60
South Dakota State University,SD,Public,2807,2589,1701,1454,3811,62,15.0,67
University of South Dakota,SD,Public,2160,2031,1268,1454,3811,71,14.6,60
Austin Peay State University,TN,Public,2863,2154,1179,1616,5550,66,18.2,36
Belmont University,TN,Private,1220,974,481,7800,7800,61,11.1,49
Bethel College,TN,Private,502,384,104,6200,6200,63,11.7,35
Carson-Newman College,TN,Private,1096,951,464,8150,8150,61,13.6,67
Christian Brothers University,TN,Private,880,520,224,9300,9300,81,11.1,63
Cumberland University,TN,Private,308,281,199,5500,5500,55,11.3,37
David Lipscomb University,TN,Private,1239,1134,611,5775,5775,97,16.2,73
East Tennessee State University,TN,Public,3330,2730,1303,1800,5800,73,14.0,42
Fisk University,TN,Private,1078,720,226,6240,6240,74,12.5,43
Freed-Hardeman University,TN,Private,895,548,314,5500,5500,68,16.1,62
King College,TN,Private,355,300,142,8664,8664,65,10.7,65
Knoxville College,TN,Private,503,408,293,5400,5400,30,11.1,60
Lambuth University,TN,Private,831,538,224,5170,5170,61,16.1,60
Lee College,TN,Private,651,498,453,4788,4788,42,18.5,52
LeMoyne-Owen College,TN,Private,409,261,177,4200,4200,59,16.2,60
Lincoln Memorial University,TN,Private,787,562,363,5950,5950,67,14.6,53
Maryville College,TN,Private,1464,888,176,11200,11200,80,11.1,51
University of Memphis,TN,Public,3921,2557,1691,1974,5908,77,16.9,33
Middle Tennessee State University,TN,Public,4587,3423,2132,1616,5550,69,19.2,39
Milligan College,TN,Private,610,461,189,8200,8200,63,12.0,64
Southern Coll. of Seventh-day Adventists,TN,Private,699,660,349,8414,8414,49,14.1,59
Rhodes College,TN,Private,2302,1831,391,15200,15200,90,10.8,77
Tennessee State University,TN,Public,6626,4122,721,1470,4836,72,18.6,41
Tennessee Technological University,TN,Public,2594,2542,1580,1740,4025,76,16.9,54
Tennessee Wesleyan College,TN,Private,232,182,99,7070,7070,59,8.9,36
Trevecca Nazarene College,TN,Private,272,272,145,4750,4750,57,14.0,49
Tusculum College,TN,Private,626,372,145,7700,7700,70,21.9,52
Union University,TN,Private,846,752,406,5780,5780,44,13.5,60
University of Tennessee at Chattanooga,TN,Public,2091,1338,991,1824,5800,76,16.8,39
University of Tennessee at Knoxville,TN,Public,7473,5372,3013,1830,5764,86,16.5,53
University of Tennessee at Martin,TN,Public,1934,1500,1123,1900,5832,68,19.6,48
University of the South,TN,Private,1445,966,326,15350,15350,89,10.3,82
Vanderbilt University,TN,Private,7791,4690,1499,17865,17865,93,5.8,83
Bryan College,TN,Private,315,242,108,7300,7300,70,12.6,62
Abilene Christian University,TX,Private,1660,1232,721,7440,7440,70,18.1,60
Angelo State University,TX,Public,3540,2001,1016,840,5130,60,23.1,34
Austin College,TX,Private,948,798,295,11280,11280,81,13.0,71
Concordia Lutheran College,TX,Private,232,216,106,6900,6900,67,12.1,42
Dallas Baptist University,TX,Private,360,314,155,5400,5400,48,14.4,87
East Texas Baptist University,TX,Private,379,341,265,4950,4950,62,15.7,38
East Texas State University,TX,Public,2219,1441,719,1580,5390,87,21.8,35
Hardin-Simmons University,TX,Private,467,424,350,6300,6300,75,13.7,38
Howard Payne University,TX,Private,516,454,322,5190,5190,59,12.7,37
Houston Baptist University,TX,Private,413,330,215,5400,5400,65,14.0,56
Huston-Tillotson College,TX,Private,261,159,114,5180,5180,55,11.0,60
Incarnate Word College,TX,Private,1163,927,386,8840,8840,67,11.4,95
Lamar University,TX,Public,2336,1725,1043,864,4752,48,18.4,26
LeTourneau University,TX,Private,477,417,204,8840,8840,58,20.8,56
Lubbock Christian University,TX,Private,550,500,275,6612,6612,39,11.9,39
University of Mary Hardin-Baylor,TX,Private,478,416,259,4950,4950,46,16.4,60
McMurry University,TX,Private,578,411,187,6930,6930,57,11.0,32
Midwestern State University,TX,Public,1597,1125,751,840,5130,95,21.6,36
University of North Texas,TX,Public,4418,2737,2049,672,4104,86,22.6,35
Our Lady of the Lake University,TX,Private,2308,1336,295,8530,8530,56,14.9,37
University of Texas-Pan American,TX,Public,4040,4040,1800,991,3486,92,22.9,16
Rice University,TX,Private,7935,1514,633,9950,9950,91,8.6,91
Sam Houston State University,TX,Public,4839,3549,1577,840,5130,76,27.2,43
Schreiner College,TX,Private,584,413,131,8955,8955,51,11.8,52
Southern Methodist University,TX,Private,4301,3455,1166,12772,12772,74,13.5,72
Southwest Texas State University,TX,Public,8532,5316,2421,840,4860,70,21.2,39
Southwestern Adventist College,TX,Private,321,318,172,7536,7536,44,13.0,36
Southwestern University,TX,Private,1244,912,352,11850,11850,83,11.3,67
St. Edward's University,TX,Private,1272,1012,375,9428,9428,76,15.7,46
St. Mary's University of San Antonio,TX,Private,1243,1020,414,8678,8678,82,16.2,72
Stephen F. Austin State University,TX,Public,5870,4461,2272,780,4860,85,21.4,50
Sul Ross State University,TX,Public,1470,1095,305,672,3888,68,18.8,28
Prairie View A. and M. University,TX,Public,2405,2234,1061,840,4290,55,19.4,35
Tarleton State University,TX,Public,1195,1095,923,840,4860,60,21.9,41
Texas Christian University,TX,Private,4095,3079,1195,8490,8490,81,14.8,64
Jarvis Christian College,TX,Private,575,482,206,3750,3750,48,12.1,25
Texas College,TX,Private,254,189,189,3605,3605,37,18.4,26
Texas A&M University at Kingsville,TX,Public,1822,1481,1055,8050,8670,89,19.7,42
Texas Lutheran College,TX,Private,497,423,215,7850,7850,54,13.8,50
Texas Southern University,TX,Public,4345,3245,2604,780,7860,65,18.2,10
Texas Tech University,TX,Public,6334,5051,2957,780,4860,82,24.7,41
Texas Wesleyan University,TX,Private,592,501,279,6400,6400,80,14.5,43
Texas Woman's University,TX,Public,989,777,474,647,2279,67,14.3,35
Trinity University,TX,Private,2425,1818,601,12240,12240,94,9.6,93
University of Dallas,TX,Private,681,588,246,10760,10760,85,13.4,63
University of Houston-Main Campus,TX,Public,6233,3990,2150,672,4104,71,14.6,32
University of St. Thomas,TX,Private,374,280,185,8550,8550,75,12.6,62
University of Texas at Arlington,TX,Public,3281,2559,1448,1206,4422,73,21.0,29
University of Texas at Austin,TX,Public,14752,9572,5329,840,5130,91,19.7,65
University of Texas at El Paso,TX,Public,3528,2941,2252,672,4104,88,23.1,60
Wayland Baptist University,TX,Private,253,216,196,5100,5100,50,13.6,91
West Texas A&M University,TX,Public,1950,1506,1023,672,4104,70,21.9,34
Baylor University,TX,Private,6075,5349,2367,6450,6450,71,18.5,72
University of Texas at Dallas,TX,Public,1089,780,410,784,4536,91,20.8,60
Univ. of Texas of the Permian Basin,TX,Public,116,90,59,840,5130,84,15.5,60
University of Texas at San Antonio,TX,Public,4217,3100,1686,672,4104,94,25.3,50
Texas A&M University at Galveston,TX,Public,529,481,243,780,4860,103,17.4,43
Texas A&M Univ. at College Station,TX,Public,14474,10519,6392,840,5130,89,23.1,69
University of Houston - Downtown,TX,Public,1541,1541,1108,672,4104,75,20.6,8
Ambassador University,TX,Private,397,244,223,2700,2700,34,17.2,60
Brigham Young University at Provo,UT,Private,7365,5402,4615,2340,2340,76,20.5,33
University of Utah,UT,Public,5095,4491,2400,1954,6857,89,12.8,37
Utah State University,UT,Public,4281,3825,2426,1650,5775,83,18.7,60
Southern Utah University,UT,Public,1685,1640,856,1221,4362,62,20.5,59
Weber State University,UT,Public,2632,2509,1750,1377,5148,66,23.9,38
Westminster College of Salt Lake City,UT,Private,917,720,213,8820,8820,68,10.5,50
Averett College,VA,Private,627,556,172,9925,9925,59,22.4,48
Bluefield College,VA,Private,377,358,181,7150,7150,61,17.8,53
Bridgewater College,VA,Private,838,673,292,10265,10265,68,13.2,82
College of William and Mary,VA,Public,7117,3106,1217,2808,11720,89,12.1,93
Christopher Newport University,VA,Public,883,766,428,2332,7860,80,21.2,48
Eastern Mennonite College,VA,Private,486,440,227,9650,9650,46,11.4,82
Emory & Henry College,VA,Private,765,646,226,8578,8578,79,13.9,82
Ferrum College,VA,Private,1339,1107,336,9400,9400,53,12.5,22
Hampden - Sydney College,VA,Private,817,644,307,13218,13218,95,13.3,69
Hampton University,VA,Private,7178,3755,1433,7161,7161,60,14.0,70
Hollins College,VA,Private,602,498,215,13470,13470,78,11.1,72
Longwood College,VA,Public,2747,1870,724,2606,7920,74,18.4,62
Lynchburg College,VA,Private,1756,1500,366,12450,12450,62,12.4,70
James Madison University,VA,Public,11223,5285,2082,3900,7994,77,17.9,98
Mary Baldwin College,VA,Private,499,441,199,11200,11200,66,6.8,90
Marymount University,VA,Private,941,772,214,11390,11390,77,10.6,55
Old Dominion University,VA,Public,4569,3110,1251,3854,9464,79,15.1,45
Radford University,VA,Public,5702,4894,1742,2924,6684,73,19.6,62
Randolph-Macon College,VA,Private,1771,1325,306,13840,13840,77,10.7,74
Randolph-Macon Woman's College,VA,Private,696,616,169,13970,13970,88,9.2,68
Virginia Commonwealth University,VA,Public,4963,3497,1567,3034,10217,81,8.7,45
Roanoke College,VA,Private,2227,1790,437,13425,13425,85,13.0,72
Shenandoah University,VA,Private,818,620,218,10700,10700,60,9.2,59
St. Paul's College,VA,Private,651,581,243,5000,5000,45,14.0,45
Sweet Briar College,VA,Private,462,402,146,14500,14500,91,6.5,61
University of Richmond,VA,Private,5892,2718,756,14500,14500,75,11.7,100
Mary Washington College,VA,Public,4350,2178,756,2026,6490,75,17.6,84
Clinch Valley Coll. of the Univ. of Virginia,VA,Public,689,561,250,3093,7168,67,18.1,46
George Mason University,VA,Public,5653,4326,1727,4044,10800,93,19.3,46
Virginia Intermont College,VA,Private,411,354,138,8170,8170,32,12.3,48
Virginia Military Institute,VA,Public,904,683,349,2980,9020,84,11.1,68
Virginia Tech,VA,Public,15712,11719,4277,3926,10260,85,13.8,73
Virginia State University,VA,Public,2996,2440,704,1894,5587,61,16.0,31
Norfolk State University,VA,Public,4066,3891,1358,2782,6276,57,15.8,60
Virginia Union University,VA,Private,1847,1610,453,7384,7384,51,13.7,30
Virginia Wesleyan College,VA,Private,1470,900,287,10900,10900,70,15.7,68
Washington and Lee University,VA,Private,3315,1096,425,13750,13750,81,9.6,90
University of Virginia,VA,Public,15849,5384,2678,3724,12212,90,9.5,95
Liberty University,VA,Private,2814,2810,769,5700,5700,55,17.9,60
Christendom College,VA,Private,81,72,51,8730,8730,92,9.3,58
Bennington College,VT,Private,519,327,114,21700,21700,35,10.1,55
Castleton State College,VT,Public,1257,940,363,3660,7656,89,14.7,79
College of St. Joseph,VT,Private,141,118,55,8300,8300,53,9.5,76
Goddard College,VT,Private,96,87,49,13936,13936,56,14.5,100
Green Mountain College,VT,Private,780,628,198,11750,11750,77,14.0,76
Johnson State College,VT,Public,833,669,279,3312,7656,80,14.4,36
Lyndon State College,VT,Public,535,502,223,3168,7320,48,12.6,51
Marlboro College,VT,Private,268,187,63,18375,18375,56,7.5,61
Middlebury College,VT,Private,3456,1171,451,25750,25750,87,10.5,97
Norwich University,VT,Private,1743,1625,626,14134,14134,71,13.1,63
Southern Vermont College,VT,Private,520,204,108,8940,8940,28,13.4,57
Saint Michael's College,VT,Private,1910,1380,463,13030,13030,79,14.5,84
Trinity College,VT,Private,222,185,91,11010,11010,58,10.4,78
University of Vermont,VT,Public,7663,6008,1735,6210,15516,87,9.9,79
Central Washington University,WA,Public,2785,2011,1007,2053,7242,67,18.1,51
Eastern Washington University,WA,Public,2231,1908,767,2256,7974,69,17.0,47
Heritage College,WA,Private,97,62,21,5820,5820,48,9.5,100
Gonzaga University,WA,Private,1886,1524,526,13000,13000,78,14.7,69
Pacific Lutheran University,WA,Private,1603,1392,504,13312,13312,78,11.0,83
Seattle Pacific University,WA,Private,1183,1016,411,12669,12669,83,16.8,66
Seattle University,WA,Private,2115,1540,494,12825,12825,85,12.2,89
St. Martin's College,WA,Private,191,165,63,11550,11550,43,14.5,40
University of Puget Sound,WA,Private,4044,2826,688,16230,16230,79,15.0,63
University of Washington,WA,Public,12749,7025,3343,2907,8199,96,9.0,65
Walla Walla College,WA,Private,559,402,308,10671,10671,48,11.5,60
Washington State University,WA,Public,6540,5839,2440,2907,8200,84,16.9,56
Western Washington University,WA,Public,5548,3563,1549,2406,8124,83,22.7,61
Whitman College,WA,Private,1861,998,359,16670,16670,80,10.5,72
Whitworth College,WA,Private,1121,926,372,12660,12660,80,16.9,80
Evergreen State College,WA,Public,1801,1101,438,1785,6297,75,18.1,68
Alverno College,WI,Private,494,313,157,8352,8352,36,11.1,55
Beloit College,WI,Private,1320,923,284,16304,16304,87,11.1,69
Carroll College,WI,Private,1160,991,352,12200,12200,74,17.8,79
Carthage College,WI,Private,1616,1427,434,13125,13125,74,15.9,62
Concordia University Wisconsin,WI,Private,845,690,323,9300,9300,49,20.5,57
Lakeland College,WI,Private,497,452,231,9400,9400,49,17.2,57
Lawrence University,WI,Private,1243,947,324,17163,17163,76,10.1,77
Marian College of Fond du Lac,WI,Private,824,670,337,9400,9400,37,8.4,59
Marquette University,WI,Private,5152,4600,1685,11610,11610,86,13.5,77
Milwaukee School of Engineering,WI,Private,1217,1088,496,11505,11505,35,16.7,67
Mount Mary College,WI,Private,235,217,121,8950,8950,51,10.7,78
Northland College,WI,Private,907,802,200,9570,9570,58,15.9,52
Ripon College,WI,Private,587,501,211,15200,15200,87,9.4,64
St. Norbert College,WI,Private,1334,1243,568,12140,12140,74,15.1,88
University of Wisconsin at Madison,WI,Public,14901,10932,4631,2737,9096,93,11.5,72
University of Wisconsin at Milwaukee,WI,Public,5244,3782,1930,2771,8786,79,15.9,38
University of Wisconsin at Green Bay,WI,Public,2409,1939,759,2284,6900,81,22.2,46
Viterbo College,WI,Private,647,518,271,9140,9140,51,10.7,73
University of Wisconsin-Stout,WI,Public,2593,1966,1030,1916,6704,78,21.0,65
Univ. of Wisconsin at Eau Claire,WI,Public,5729,4520,1957,2208,6996,80,19.3,61
Univ. of Wisconsin at La Crosse,WI,Public,4918,3965,1704,2369,7157,71,21.3,54
Univ. of Wisconsin at Platteville,WI,Public,2733,2000,917,1920,6400,66,20.6,59
Univ. of Wisconsin at River Falls,WI,Public,1470,1095,447,2304,7092,69,18.1,46
Univ. of Wisconsin at Stevens Point,WI,Public,4191,3090,1375,2355,7142,71,19.2,67
University of Wisconsin-Superior,WI,Public,910,910,342,2050,7032,75,15.2,36
University of Wisconsin-Whitewater,WI,Public,4400,3719,1472,2300,6950,90,23.1,67
University of Wisconsin at Parkside,WI,Public,1705,1339,772,8050,8670,87,18.4,28
Univ. of Wisconsin at OshKosh,WI,Public,4800,2900,1515,2158,6874,73,19.2,56
Wisconsin Lutheran College,WI,Private,152,128,75,9100,9100,48,8.5,50
Alderson-Broaddus College,WV,Private,582,498,172,10468,10468,40,11.5,52
Bethany College,WV,Private,664,515,210,15700,15700,80,13.0,59
Bluefield State College,WV,Public,1046,832,518,1856,4498,24,16.3,42
Concord College,WV,Private,1497,1469,383,2052,4426,55,19.2,49
Davis & Elkins College,WV,Private,629,501,183,9400,9400,64,12.8,94
Fairmont State College,WV,Public,2485,1800,1800,1800,4238,37,19.6,50
Glenville State College,WV,Public,1246,1246,553,1782,4080,25,17.3,65
Marshall University,WV,Private,4226,3666,2007,1660,5094,77,16.6,50
University of Charleston,WV,Private,682,535,204,9500,9500,26,2.5,57
Salem-Teikyo University,WV,Private,489,384,120,10575,10575,46,13.0,98
Shepherd College,WV,Private,1405,1167,557,2064,4694,57,16.5,46
West Liberty State College,WV,Public,1164,1062,478,1900,4470,33,16.3,60
West Virginia Institute of Technology,WV,Public,1594,1572,675,3954,8670,71,15.3,56
West Virginia State College,WV,Public,1869,1095,957,1988,4616,38,19.2,60
West Virginia University,WV,Public,9630,7801,2881,2128,6370,83,13.4,57
West Virginia Wesleyan College,WV,Private,1566,1400,483,14200,14200,58,16.4,67
Wheeling Jesuit College,WV,Private,903,755,213,10500,10500,66,14.1,72
University of Wyoming,WY,Public,2029,1516,1073,1908,5988,91,15.1,45
